name,address,post_number,homepage,number,introduce
정목초등학교,양천구 목동중앙로3길 30-10,158-817,http://www.jeongmok.es.kr/,02-2644-0840,본교는 오랜 전통을 가진 학교로서 21세기를 선도할 드넓은 꿈을 가진 어린 꿈나무들이 사랑과 정성을 다하는 선생님의 가르침 속에서 행복으러 열어가고 있는 학교입니다.
양평중학교(선유중학교),영등포구 선유로 213,150-103,http://seonyoo.ms.kr/?main,02-2633-4147,우리 선유중학교는 학생 개개인의 창의력을 신장하고 잠재력을 계발하여 실력과 인성이 조화를 이루는 참다운 인재를 양성하기 위해 모든 교직원들이 한마음으로 교육적 역량을 총결집하여 교육에 매진하고 있습니다.
삼광초등학교,용산구 삼광새싹길 46(후암동 190-2),140-901,http://www.seoulsamkwang.es.kr/,02-754-0251,60년이 넘는 역사를 가진 서울삼광초등학교는 장차 우리나라의 주역이 될 어린이들이 큰 꿈을 갖고 “슬기롭고(智) 예절바르며(德) 튼튼하게(體)” 자랄 수 있도록 열과 성을 다하여 교육에 힘쓰고 있습니다.
중경고등학교,용산구 이촌로84길 34 (중경고등학교),140-852,http://www.jungkyung.hs.kr/,02-793-4154,우리 학교는 중경(中京)이라는 말 그대로 서울의 중심에 위치하고 있으며 앞에는 유유히 흐르는 한강 남쪽에는 정기 어린 관악산 북쪽에는 유서 깊은 남산 등 아름다운 자연경관과 가까이 하여 어느 지역보다 쾌적한 학교입니다.
동작테니스장,동작구 국립현충원 앞 주차공원 내,156-080,http://www.idongjak.or.kr/03_athletic/tennis_index.asp,070-7762-4034 ,지하철 4호선 9호선 동작역 인근에 위치한 동작테니스장은 클레이코트 6면으로 테니스를 즐기는 지역주민들의 명소로서 국립현충원을 마주한 동작주차공원내에 자리잡고 있습니다.
상도3동다목적청사(로야헬스클럽),동작구 성대로2길 11,156-033,http://www.idongjak.or.kr/03_athletic/sd3d_index.asp,02-849-0100,지하철 7호선 신대방 삼거리역 인근에 위치한 상도3동다목적청사는 지하2층 시장4층 규모의 시설로 동사무소와 주민자치센터로 이용되고 있으며 지역주민 체력단련의 장으로 이용되는 로야헬스클럽은 지상4층에 자리를 잡고 있습니다.
독산동잔디축구장,금천구 독산1동 1086,153-011,http://www.gfmc.co.kr/sub3/04.asp,02-809-1912,독산동 잔디축구장은 5000여평 규모로 독산근린공원 중앙에 위치해 있으며 사면이 모두 녹지대에 둘러싸여 있습니다. 또한 안전 휀스를 설치해 이용객들이 마음 놓고 운동을 할 수 있도록 했습니다. 흙먼지 날리는 운동장에 비해 휠씬 쾌적하고 안전하게 운동할 수 있어 구의 체육환경을 한 단계 끌어올렸다고 볼 수 있습니다
강동그린웨이가족캠핑장,강동구 둔촌동 562번지 ,134-060,http://www.gdfamilycamp.or.kr/,02-478-4079,강동그린웨이 가족캠핑장은 강동구 도심속 일자산자연공원 숲속에 위치하여 자연훼손을 최소화하고 지리적 특성을 그대로 살린 자연친화적인 가족캠핑장으로서 가족의 행복과 건강을 만들어 갑니다.
한강시민공원광나루지구,강동구 선사로 83-66,134-876,http://hangang.seoul.go.kr/park_kwang/,02-3780-0501 ,강동대교에서 잠실철교 사이에 있는 광나루 한강공원은 한강 상류로부터 유입된 토사가 퇴적되어 자연스럽게 형성된 모래톱과 대규모 갈대군락지로 자연 그대로의 한강의 모습을 가장 잘 유지하고 있는 곳입니다.
구의야구공원 야구장,광진구 구의동 164,143-200,http://stadium.seoul.go.kr/guidance/guide_08.html,02-3436-2889,구의야구공원은 콘크리트 구조물이 없는 선진국형 볼파크로 야구장 주변에는 산책로 및 배드민턴장 등 체육시설이 조성되어 있어 주민들의 휴식공간으로 활용되고 있습니다.
한강시민공원뚝섬지구,광진구 자양2동 112,143-192,http://hangang.seoul.go.kr/park_dooksum/,02-3780-0521 ,한강공원이 조성되기 이전부터 강변유원지로 유명했던 곳입니다. 수상에서는 시원한 바람을 맞으며 낭만과 젊음을 만끽할 수 있는 윈드서핑 수상스키 모터보트 등 수상스포츠가 활발하게 이루어지고 있습니다.
마곡실내배드민턴장,강서구 마곡동 56-1,157-210,http://www.gssi.or.kr/sports/sports_04_1.asp,02-2063-3990,전국최고의 실내배드민턴장 시설로 좀 더 깨끗하고 친절하게 여러분을 모시겠습니다.
우장산공원,강서구 화곡로 302,157-915,http://www.gangseo.seoul.kr/site/munhwa/c3/page2_3.jsp,02-2600-4195,축구장(야간경기 가능) 테니스장 4면(크레이코트) 관중석(1000명 계단식)
창동종합사회복지관,도봉구 덕릉로 329,132-041,http://www.changdong21.or.kr/,02-993-3222,이 모양 저 모양으로 참여하는 지역주민들과  함께 어려운 분들의 아픔을 이해하고 소외된 이웃을 돌보는 역할 지역주민들의 문제에 대하여 함께 의논하고 해결해 보려는 노력 아이들이 살기 좋은 마을 어르신들이 살기 좋은 마을로 만들어 가고자 창동종합사회복지관과 직원들은 노력할 것입니다. 
면목종합사회복지관,중랑구 용마산길 34,131-839,http://www.truem.or.kr/,02-436-0500,중랑구 지역사회를 변화 발전시키기 위새 지역주민과 더욱 가깝게 복지구요자를 위해 더욱 뜨겁게 서비스를 제공함으로써 행복한 가정 건강한 사회를 만드는 지역 밀착형 서비스를 펼칠 것을 약속드리겠습니다.
대방종합사회복지관,동작구 여의대방로44길 47 (주공아파트),156-811,http://www.daebangswc.org/,02-826-2900,당신과 함께 세상을 더욱 아름답게 만드는 사랑의 나눔터
동작종합사회복지관,동작구 등용로 47,,http://www.dongjaksw.or.kr/html/index.php,02-814-8114,동작종합사회복지관은 사회복지법인 한국봉사회가 운영하고 있는 종합사회복지관으로써 지역사회 복지 증진을 위해 가족기능강화사업 지역사회보호사업 지역사회조직사업 교육문화사업 자활사업을 통해 지역사회 통합화와 복지 증진에 기여하고 있으며 특히 지역주민들의 빈부격차 해소와 소외계층 주민들의 자립 자활을 위해 항상 노력하고 있습니다.
사당종합사회복지관,동작구 사당로14길 20,156-821,http://www.sadangwelfare.org/,02-597-3710,진리와 봉사를 추구하는 숭실대학교 사당종합사회복지관에서는 지역사회주민들의 복지증진을 위하여 개관 이후 10여년 동안 아동 청소년 여성 장애인 노인 가족의 기능을 강화하기 위하여 각종 복지 사업을 추진하여 왔습니다.
상도종합사회복지관,동작구 상도로39가길 7,156-830,http://www.happysangdo.or.kr/,02-824-6011,상도종합사회복지관은 기독교대한성결교회 교단 표어인 사중복음(중생 성결 긴슈 재림)에 입각한 선교적 사명과 여전도회전국연합회의 지역사회 모든 주민들의 영과 혼과 몸의 전인적인 치유과 돌봄을 통하여 삶의 질 향상과 복지욕구를 충족시키며 종합적인 전문사회복지서비스를 제공하여 지역주민의 복지증진에 기여함을 목적으로 하고 있다.
은평종합사회복지관,은평구 은평터널로 48,122-872,http://www.eunpyeong.or.kr,02-307-1181,우리 복지관은 1989년 9월에 개관하여 지역주민의 복지증진과 복지사회 구현을 위하여 종합적 사회복지서비스를 제공하고 있는 전문사회복지기관입니다.
중앙종합사회복지관,관악구 봉천로41길 33,151-050,http://www.causwc.or.kr/,02-872-5802," 어르신·아동·청소년이 행복하고 안전한 공간과 문화를 만드는 복지관""  ""지역주민과 함께 어려움을 예방하고 해결하여 지역사회의 행복을 키우는 복지관"""""
구세군종합사회복지관,강북구 미아2동 791-1509,142-100,http://www.gangbuk.or.kr/,02-986-0988,구세군강북종합사회복지관은 1990년에 '하나님 사랑 이웃 사랑'을 실천하기 위해 지역사회의 소외되고 어려운 환경에 처한 이웃들과 친구가 되며 주민들의 욕구에 따라 전문적인 서비스를 제공하기 위해 설립되었습니다.
수유종합사회복지관,강북구 삼양로112길 5,142-877,http://happylog.naver.com/suyu6940.do,02-903-6940,수유종합사회복지관은 사회복지법인 운가자비원이 운영하는 전문 사회복지기관으로서 사회복지사업의 전문성과 지역 주민들의 자발적인 참여를 바탕으로 지역사회 내의 문제 예방 및 해결을 위한 다양한 사회복지 서비스를 제공하며 나아가 지역사회의 복지 증진과 삶의 질 향상을 높이는데 그 목적이 있다. 
가산종합사회복지관,금천구 가산로 129,153-801,http://www.gasan.or.kr/,02-868-6856,저희 가산종합사회복지관은 지역주민들의 복지증진을 목적으로 2000년 3월 20일 개관한 이래 사회복지사를 비롯한 전문인력들이 가족복지 지역복지 재가복지 가산해오름주간보호센터 등의 분야에서 다양한 사회복지서비스를 제공해오고 있습니다.
성내종합사회복지관,강동구 성안로13길 56,134-849,http://www.welfarecenter.or.kr/,02-478-2555,저희 성내종합사회복지관은 1994년 7월에 개관하여 외로운 소외계층과 지역 주민을 위한 다양한 복지사업들을 수행하고 있습니다.
광장종합사회복지관,광진구 아차산로66길 8,143-814,http://www.gj.or.kr/xe/,02-2201-1333,저희 복지관은 지역 내 무의탁 독거어르신 저소득가정 소년소녀가장 장애인 등 사회적으로 소외된 이들을 돕기 위한 다양한 사회복지사업을 수행하고 있습니다. 더불어 지역주민들의 삶의 질 향상을 위한 교육문화사업 후원· 자원봉사 프로그램 등을 실시하여 지역사회에 나눔과 온정을 소통시키는 사회복지전문기관으로 자리매김해 왔습니다.
강남종합사회복지관,강남구 일원2동 12-46 도개공1단지,135-232,http://www.kangnamwelfare.co.kr/index.html,02-451-0051,강남사회복지관은 복지가치의 실현 책임의식의 강화 협동심의 고양 효율성의 제고라는 목표를 가지고 전체 직원들이 어린이 집을 포함하여 가족복지사업 재가복지사업 지역복지사업 교육문화 언어인지 및 예술치료 노인대학과 노인건강지원센터 등의 사업을 전개하고 있습니다.
수서종합사회복지관,강남구 광평로56길 11 (도시개발아파트),135-885,http://www.sschild.sc.or.kr/,02-459-5504,생활이 어려운 가족과 개인을 돕는 기본적인 보호서비스부터 신체적 정서적 사회적으로 건전한 성장과 적응을 돕는 사업을 진행하며 사회자원의 개발과 지원으로 효육적인 활용을 위한 가교의 역할과 함께 사회문제에 대한 예방과 인식 전환을 위한 프로그램까지 다양하게 활동하고 있습니다.
구로종합사회복지관 ,구로구 디지털로31길 93,152-849,http://www.9ro.or.kr/main.asp,02-852-0525,아름다운 지역공동체를 만들어가는 구로종합사회복지관
궁동종합사회복지관,구로구 오리로22길 5,152-883,http://www.happykd.or.kr/,02-2613-9367,우리 복지관은 지역주민의 욕구에 근거한 지역사회복지 실현을 목적으로 가족기능강화 지역사회보호 지역사회조직 문화복지로 구분되는 분야별 전문사회복지 실천을 통하여 지역주민의 참여와 공동체의식을 강화하고 나아가 지역사회의 복지 증진 및 삶의 질 향상에 기여한다.
YWCA봉천종합사회복지관,관악구 관악로 254,151-808,http://www.bongchuny.or.kr/,02-875-4422,저희 복지관은 1967년 서울 YWCA가 봉천사회봉사관으로 처음 복지사업을 시작한 이후 현재까지 40여년간 지역주민을 위한 다양한 복지사업을 전개해 오고 있습니다.
등촌4종합사회복지관 ,강서구 꿈나무길 48-1(등촌3동 690),157-930,http://www.dc4.or.kr/,02-2658-8800,등촌4종합사회복지관은‘가족의 사랑으로 함께하는 복지공동체’라는 모법인(사회복지법인 훼미피아)의 미션을 지역사회 속에서 실천하기 위한 지역사회 기반의 전문복지기관으로서 지역주민들이 갖는 경제적·심리사회적 문제뿐 만 아니라 복음을 통한 영혼과 삶의 치유를 목적으로 다양한 사회복지서비스를 제공하기위해 설립되었습니다.
등촌9종합사회복지관 ,강서구 화곡로63가길 92,157-930,http://www.dc9.or.kr/,02-2658-4127,등촌9종합사회복지관은 지역사회를 위하여 아동 청소년의 건전한 육성과 가난의 대물림을 타파하고 지역주민의 역량을 강화시켜 행복한 생활을 영위할 수 있도록 한다.
유락종합사회복지관,중구 퇴계로 460,100-820,http://www.junggu.seoul.kr/web/w05/w05070108.php,02-2235-4000,"유락종합사회복지관은 서울시 중구청에서 건립하고 사회복지법인 서울가톨릭사회복지회가 위탁받아 운영하고 있는 종합사회복지관으로 그리스도의 사랑과 나눔의 정신을 바탕으로 지역 주민의 복지향상을 위한 다양한  사회복지사업을 실시하고자 한다."
종로종합사회복지관 ,종로구 지봉로13길 82,110-771,http://www.jongno.or.kr/,02-766-8282,우리 복지관은 사랑ㆍ 봉사ㆍ헌신ㆍ선교의 기독정신에 입각하여 종로 구민들에게  다양한 사회복지 서비스를 제공하여 삶의 질을 향상시켜 드림으로서 인간다운 삶을 영위할 수 있도록 돕고자 운영하고 있는 비영리 전문사회복지기관 입니다. 
신내종합사회복지관 ,중랑구 상봉동 481,131-863,http://www.snwc.or.kr/,02-3421-3400,신내종합사회복지관은 ‘따뜻한 서비스 건강한 공동체’구현을 목표로 설립되어 저소득 지역주민들의 욕구에 부합하는 종합적인 사회복지사업수행을 통한 저소득층의 자립능력을 배양하고 지역사회의 제반문제에 대하여 예방과 치료를 위한 전문적이고 체계적인 사업을 실시하여 지역주민의 삶의 질 향상과 지역사회복지증진을 위해 노력하는 기관입니다. 
한강시민공원강서지구,강서구 개화동 47,157-230,http://hangang.seoul.go.kr/park_gangseo/index.html,02-3780-0621 ,서울시 생태관광명소 30개소 중 하나로 선정된 강서습지생태공원은 하중도 자연관찰로 습초지 등 습지생태계를 복원하여 하천의 자연정화 기능을 제공하고 체육공원에는 축구장 농구장 육상트랙 체력단련기구 등을 갖춰 시민의 여가활동과 스포츠 공간으로써의 기능을 하고 있습니다.
중랑구립잔디운동장,중랑구 망우본동 73-2번지,131-800,http://www.jungnangimc.or.kr/,02-2094-2949,13304㎡(4020평)부지의 아름다운 자연경관안에 주민의 건강과 생활체육 확대를 위하여 2002년 5월에 개장하였으며 상암구장 규격의 인조잔디와 관리실 및 탈의실 화장실 샤워실 등을 갖춘 운동장으로 구민생활 체육 활성화에 기여함. 
와우산배드민턴장,마포구 창전동 3-243,120-833,http://www.mfmc.or.kr/view/about/menu3_4.jsp,02-300-5075,배드민턴장 9면 휴게실 및 관리실 4동 수도ㆍ 전기시설
한강시민공원난지지구,마포구 하늘공원로 84,121-270,http://hangang.seoul.go.kr/park_nanji/,02-303-5838,홍제천교에서 난지천교 사이에 위치해 있고 길이는 4.02㎞(약 776000㎡)로 마포구 상암동에 위치하고 있습니다. 한강르네상스 사업으로 새롭게 조성된 난지한강공원은 노을공원 하늘공원과 연결되는 중앙연결브릿지 평화의 공원 연결브릿지 복합연결통로가 완공되어 공원 이용시민들의 접근성을 개선시켰습니다
한강시민공원망원지구,마포구 마포나루길 467,121-230,http://hangang.seoul.go.kr/park_mangwon/,02-3780-0601 ,수상에서는 윈드서핑 수상스키 모터보트 등 수상레저활동이 이루어지고 있고 주변에 망원정 절두산 성지 등 문화유적지가 있으며 월드컵경기장 인천국제공항 등과 연계되어 서울 서북부지역의 전략적 요충지역으로 무한한 잠재력을 지니고 있습니다.
수락정,노원구 상계동,139-200,http://www.nowon.kr/child/child.jsp?mid=234501,,전통무예인 궁도를 계승 발전시키고자 국궁동호인들이 뜻을 모아 1977년 5월 궁도회를 조직하고 노원구 상계동 639번지에 궁도장을 설치하여 수락정이라 칭하고 수련해 오던 중 상계택지개발로 인하여 1986년 현 위치에 임시 궁도장을 설치하여 맥을 이어 왔다.
태릉선수촌,노원구 화랑로 729,139-240,http://www.sports.or.kr/player,02-970-0114,40년이 넘는 역사와 전통을 주춧돌로 삼아 더 단단하고 우람한 한국 체육의 집을 짓는 데 저희 태릉선수촌이 그 중심에 설 것이ㅕ 저와 태릉선수촌 가족은 더 열심히 더 힘차게 맡은바 소임을 다하기 위한 최선의 노력을 기울일 것을 약속드립니다.
해오름휘트니스센터,성북구 북악산로 537-14,136-100,http://www.gongdan.go.kr/gongdan/haeorm/intro/intro.jsp,02-929-0883,넓은 실내 공간에 최첨단의 운동 기구들(유산소기구 웨이트기구 100여종) 샤워실 및 편안한 휴식을 취할수 있는 홍맥반석 사우나실 설치 과학적이고 체계화된 운동을 위한 최고의 실력을 갖춘 전문강사의 체계적인 지도로 여러분의 건강과 몸매를 만족스럽게 지켜드리겠습니다. 
서울고등학교테니스장,서초구 효령로 197,137-70,http://sports.seocho.go.kr/facilitiesinfo/etc/facilityApart/userFacility/etcList.do?cate=A,02-2155-6771~74,"최고급 클럽하우스와 강남권 최초의 스포츠코트와 잔디코트 4면을 가지고 있습니다. 초급 중급 고급으로 단계적이고 체계적인 운동지도가 가능한 테니스장 입니다. 철저한 지도력으로 건강증진과 실력향상에 도움을 드리고자 합니다. 다양한 레슨을 통해 고급 테니스를 직접 체험해 보시기 바랍니다."
서초카페거리사계절스케이트장,,,,,시설 폐쇄
한강시민공원잠원지구,서초구 잠원동 잠원로 26-10,137-030,http://hangang.seoul.go.kr/park_jam/index.html,02-3780-0531~3,육상경기장 축구장 농구장 배구장 수영장 체력단련장 등 체육시설이 고루 갖추어져 있어 각종 아침운동이 활발하게 이루어지고 있고 특히 자전거도로는 5.4km나 시원한 강바람을 맞으며 경관을 즐기면서 자전거 타기에 좋은 코스입니다. 야외수영장은 도심에 있어 교통이 편리하여 이용객이 많고 수상에서는 윈드서핑 모타보트 등 낭만적인 수상스포츠를 즐기는 사람들이 늘어나고 있습니다. 특히 이곳은 클레이코트 및 야간조명 테니스장이 설치되어 있습니다.
살곶이체육공원,성동구 사근동 104 ,133-817,http://www.sd.go.kr/tour/mapguide.do?themeCode=007000,02-2286-6090,중랑천변을 따라 조성된 102796㎡ 규모의 살곶이체육공원에는 시원한 강바람을 가르며 가족과 함께 즐길 수 있는 인라인 전용 스케이트장 축구장 농구장 배트민턴장 등 다목적 체육시설이 마련되어 있다. 또한 살곶이체육공원 주변으로 자전거전용도로와 보행자도로가 분리 조성되어 연중 걷기대회 단축 마라톤대회가 열리며 생활속 가장 친숙한 자전거이용자들의 많은 사랑을 받고 있다. 
자전거체험장,성동구 마장동 802-2 마장2교 ~ 사근램프 사이,133-050,https://www.sdmc.go.kr/sports/bicycle/intro.asp,02-2204-7634,남녀노소 모두 편하게 이용할 수 있는 자전거체험장
송파구여성전용축구장,송파구 방이동 88-10,138-829,http://www.songpagongdan.or.kr/sports/sports06.asp,02-412-5969,*위치: 송파구 방이동 88-10(성내천내)                                  *시설: 인조잔디축구장 본부석 관람대 관리실 화장실
올림픽수영장,송파구 올림픽로 424 (올림픽회관),138-50,http://swimming.ksponco.or.kr/,02-410-1652,올림픽수영장은 88서울올림픽 수영경기가 열린 곳으로 국제 규격의 50m 레인과 깨끗한 수질 우수한 강사진들의 열정적인 지도로 대한민국을 대표하는 생활체육의 장으로 자리매김하고 있습니다.
올림픽체조경기장,송파구 올림픽로 424 (올림픽회관),138-50,http://www.joy-olpark.or.kr/olPark/KospOlParkRentalGymnasiumIntroduce.do,02-410-1601~603,15000명을 동시에 수용할 수 있는 체육관으로 수납식 객석이 있어 공간을 다목적으로 활용할 수 있으며 체육행사 대규모 콘서트 박람회 행사 등 다양한 대형 행사를 할 수 있습니다.
한강시민공원잠실지구,송파구 잠실동 백제고분로 2-1,138-220,http://hangang.seoul.go.kr/park_jamsil/,02-3780-0511,잠실철교에서 영동대교 사이 강변 남단에 위치해 있으며 잠실종합운동장 롯데월드 올림픽공원이 인접해 있어 어느 지역보다 생활체육시설 및 문화시설을 함께 이용하기 편리합니다.
신월야구공원,양천구 양천구 신월동 267-1외 11필지,158-090,http://stadium.seoul.go.kr/guidance/guide_09.html,02-2699-6407,신월야구공원은 콘크리트 구조물이 없는 선진국형 볼파크로 야구경기가 없을 때에는 지역주민들에게 개방하여 주민들의 소중한 생활체육공간으로 활용되고 있습니다.
대림운동장,영등포구 대림동,150-070,http://www.ydp.go.kr/main/page.do?mCode=E090060030,02-2670-3139,축구장 배구장 농구장 테니스장 게이트볼장 배드민턴장 족구장
영롱이억새구장,영등포구 문래동,150-091,*,02-2670-3773,문래동 주변에 위치한 축구장
한강시민공원양화지구,영등포구 노들로 221,150-807,http://hangang.seoul.go.kr/park_yangwha/,02-3780-0581~3 ,여의도 샛강 하구에서 강서구 가양대교까지로 한강남단에 위치하고 있습니다.둔치에 넓게 조성된 잔디밭에서 바라보는 탁 트인 전망이 다른 곳에서 쉽게 보기 힘든 풍광을 제공합니다.
한강시민공원이촌지구,용산구 이촌동 사촌5길30,140-031,http://hangang.seoul.go.kr/park_yeechon/,02-3780-0551,호안가 주변을 따라 갈대 억새 코스모스가 철따라 피어나서 시민들의 산책과 조깅코스로 자주 이용됩니다. 청소년을 위한 청소년광장과 X-게임장 국제규모의 인라인스케이트장 농구장 테니스장 게이트볼장 등의 운동경기장 등이 여가 및 레포츠 공간으로 유용하게 활용되고 있습니다. 또한 한강도하체험장이 생겨 개인 직장 학교 등 단체생활의 팀웍훈련장으로 이용되고 있습니다.
방아골 종합사회복지관,도봉구 시루봉로17길 42,132-833,http://bangahgol.or.kr/,02-3491-0500,"가족사랑 이웃사랑 지역사랑 - 섬김과 나눔의 지역공동체 만들기"" "
463296.03,,,,,
마포청소년수련관,마포구 성산동 368-1,121-250,http://www.youthnaroo.or.kr/,02-3153-5900,서울시립 마포청소년수련관은 '세대가 소통하는 공간' '다양한 만남과 나눔의 배움터' '청소년의 꿈과 희망이 펼쳐지는 유스나루'가 되도록 자리 매김하겠습니다.
성북청소년수련관,성북구 한천로95길 7,136-831,http://www.sbyouth.or.kr/,02-3292-1318,미래의 주역인 청소년을 위한 교육문화체육여가활동의 전당을 마련하여 건전한 청소년문화 조성에 기여하고자 건립되었습니다.
성동청소년문화의집(서울YMCA),성동구 장터1길 18,133-093,http://www.sungdongyc.or.kr/02_education/2_2.asp,02-2236-2678,성동청소년문화의집은 청소년들의 다양한 문화적 요구를 수용한 다채롭고 전문적인 문화예술 프로그램과 청소년들의 삶을 바르게 이끌어줄 교육 프로그램을 통해 우리 청소년들이 건강한 사회인으로 성장 할 수 있게 이끄는 곳입니다.
창동청소년수련관,도봉구 창4동 1-6,132-898,http://www.cdyouth.or.kr/,02-904-0924,성동청소년수련관은 '참 빛'의 건학이념을 바탕으로 청소년들에게 다양한 문화적 체험기회를 제공하고 전문성 개발을 도와줌으로써 청소년들이 자신의 삶에 있어서 적극적이고 자신감있는 삶을 살 수 있도록 돕는 청소년들의 전용공간입니다.
송파청소년수련관,송파구 중대로4길 4,138-202,http://66.232.142.80/youth1318/index.asp,02-449-0500,청소년과 지역주민이 보다 즐겁고 보람찬 시간을 보내는 가운데 자기발전과 봉사하며 협동하는 마음을 길러주고 능동적인 참여를 바탕으로 지·덕·체의 조화를 이루는 전인교육의 장으로서 역할을 하고자 합니다.
문래청소년수련관,영등포구 영등포로28길 5 (코오롱 상가),150-835,http://www.goyouthleader.or.kr/main/main.asp,02-2675-7776,문래청소년수련관은 청소년들의 복지증진 및 수련활동을 지원하고 지역주민들에게 체육활동을 통한 건강생활 영위지역사회 발전과 공동체 형성 건전한 생활을 통한 복지사회 구현을 위하여 서울시가 건립하고 영등포구청이 운영하는시설입니다.
서울특별시여성능력개발원,광진구 아차산로30길 36,143-300,http://wrd.seoulwomen.or.kr/index.jsp,02-460-2300,"*전문직업 여성인력을 양성하여 여성의 경쟁력 향상지원 *여성의 능력개발 및 건전한 사회참여 유도 *여성복지의 중심역할을 담당하는 지역문화·교육·복지증진 기능 수행"
중부여성발전센터,마포구 용강길 13(용강동 70-2),121-875,http://jungbu.seoulwomen.or.kr/,02-719-6307~8,서울시중부여성발전센터는 여성의 내면에 있는 '나의 주인됨'을 일깨워 그 무한한 힘으로 자신의 인생을 개척하고 가정의 꿈과 나의 꿈을 이루어나가는 배움터 실습의 장입니다.
서부재활체육센터,은평구 구산동 191-1,122-822,http://www.sbsports.or.kr/index.htm,02-388-6622,우리 체육센터는 2002년 12월 개관 이래 장애인과 비장애인이 함께하는 통합 운영을 실시함으로써 장애인들에게 문화적 사회적인 충분한 기회를 제공하고 비장애인에게는 장애에 대한 사회인식을 개선하고 “장애인과 비장애인이 더불어 함께하는 건강한 복지국가의 실천모델”로써 체육복지 증진에 일익을 담당해오고 있습니다. 
동천재활체육센터,노원구 하계동 288-1,139-230,http://www.dcsports.co.kr/,02-9499-114,저희 동천재활스포츠센터는 장애인 사회복지법인 동천학원의 부속시설로서 2003년 5월 개관한 서울 노원구 하계동에 위치한 아이스링크장으로서 스케이트 아이스하키 등 동계 체육을 중심으로 에어로빅 토탈 휘트니스 요가 댄스 강습 등 각종 스포츠와 레저 문화 활동을 위한 고품격의 종합 스포츠센터입니다.
서울곰두리체육센터,송파구 오금동 51,138-130,http://www.sgsc.or.kr/index.aspx,02-404-6240,서울곰두리체육센터는 장애인과 비장애인이 함께 어울어져 스포츠 및 문화활동을 함으로 장애인에 대한 인식개선은 물론 지역사회 주민들의 정서함양과 건강증진에 기여하고자 하는 목적으로 설립되었습니다.
난지물재생센터,경기도 고양시 덕양구 자유로 116,412-190,http://nanji.seoul.go.kr/,02-300-8527,난지물재생센터는 한강 하류에 위치하여 서울 강북의 서부지역과 고양시 일부지역에서 발생하는 생활하수를 정화시키는 환경시설로서 시민들이 사용하고 버린 더러운 물을 새물로 만들어 순환시키는 도시의 귀중한 시설을 운영·관리하고 있습니다.
잠실야구장,송파구 마들로5가길 113,138-220,http://stadium.seoul.go.kr/guidance/guide_01_03.html,02-2240-8856,* 잔디면적(컨터키블루그래스) : 13200㎡ * 홈런거리 두산베어스 (중앙125m 파울라인 100m) LG트윈스 (중앙121m 파울라인 100m) * 출입문 : 59개소 내문 49문 외문 10문
잠실체육관,송파구 마들로5가길 113,138-220,http://stadium.seoul.go.kr/guidance/guide_01_04.html,02-2240-8809,"* 경기장 내부:마루바닥 (플로어) 41×49m (1867㎡)  * 출 입 문 : 37개소 내문 14 외문 23  * 전 광 판 : 흑백1개 규격 : 5.3×10m  * 보조체육관 (2개소) 20×35m (734㎡) "
잠실1수영장,송파구 마들로5가길 113,138-220,http://www.seoul.go.kr/info/organ/center/sportsfaci/guidance/pool1/1228975_13730.html,02-2240-8963,"* 경 영 풀 : 1250㎡ (25m×50m)  * 다이빙풀 : 625㎡ (25m×25m) "
잠실인라인연습장,송파구 마들로5가길 113,138-220,http://stadium.seoul.go.kr/guidance/guide_01_14.html,02-2240-8966,인라인 초보자를 위한 전용연습장
잠실인라인트랙,송파구 마들로5가길 113,138-220,http://stadium.seoul.go.kr/guidance/guide_01_14.html,02-2240-8966,인라인 매니아를 위한 주행용 가변형 코스
잠실인라인하키장,송파구 마들로5가길 113,138-220,http://stadium.seoul.go.kr/guidance/guide_01_14.html,02-2240-8966,인라인하키 동호인과 전문선수들을 위한 전용 경기장 
잠실풋살경기장,송파구 마들로5가길 113,138-220,http://stadium.seoul.go.kr/guidance/guide_01_14.html,02-2240-8966,잠실인라인스케이트장내 트랙 끝 풋살경기장 (지하철2호선 종합운동장역 7번출구이용)
목동야구장,양천구 안양천길 336 (목동 914번지),158-050,http://stadium.seoul.go.kr/guidance/guide_03_02.html,02-2640-3808,필드(인조잔디) : 11760㎡  홈런거리 - 중앙 120M 좌우파울라인 98M 출입문 : 68개소 - 내문 34 외문 34 
목동다목적경기장,양천구 안양천길 336 (목동 914번지),158-050,http://stadium.seoul.go.kr/guidance/guide_03_07.html,02-2640-3808," 위 치 : 서울시특별시 양천구 안양천길 336(목1동 914번지)목동운동장내    총 면 적 : 1954㎡(44.2m×44.2m)   용 도 : 풋살경기 연식야구 소프트볼 티볼 등 기타 유사경기   풋살경기장 : 2면(38m×18m)  "
효창운동장,용산구 창원길 84-2 (효창동 3번지),140-897,http://stadium.seoul.go.kr/guidance/guide_04.html,02-2240-8706,필드 (인조잔디) : 9600㎡ (축구장규모 105×68m) 육상트랙 직선 100m 7레인 곡선 380m 5레인 출입문 : 6개소 - 중앙문1 직문 1 외문3  전광판 : 흑백1개 - 4.9×11.4M 
창동문화체육센터,도봉구 창동역길 23,132-908,http://www.dobongsiseol.or.kr/index_sport.html,02-901-5000,"소재지 : 도봉구 창4동 1-6   면   적 : 토  지 50075㎡(15174평)             건  물 14246㎡(4317평) 지하2/지상4             주차장 195면 (센터 내 지하 65 센터 외 88 운동장 42) "
동대문구체육관,동대문구 답십리길 210-3,130-030,http://www.ddmgongdan.or.kr/life_center/gymnasium/index.php,02-2247-9611~4,"ㆍ지하 1층 지상 2층 (연면적 5743㎡)  ㆍ주차면수 : 53면                                  ㆍ대. 소체육관 조깅트랙부대시설 등"
이문체육문화센터,동대문구 이화교길 47,130-080,http://www.ddmgongdan.or.kr/life_center/emun/index.php,02-963-0534~7,ㆍ지하1층 지상 3층(연면적 3394.60㎡)                         ㆍ테니스장(2면) 배드민턴(2면) 농구장(1개소) 주차장(40면)
사당문화회관,동작구 사당로8길 9,156-090,http://www.idongjak.or.kr/03_athletic/sdmh_index.asp,02-849-0100,사당동(지하철 7호선 남성역)에 위치한 사당문화회관은 지하2층 지상4층 규모의 최신 시설로 수영장과 헬스장 그리고 문화강좌실 다목적강당 등을 두루 갖춘 동작구 동남권 지역주민을 위한 종합 문화체육시설입니다.
국사봉체육관,관악구 국회단지길 144,151-828,http://www.gwanakgongdan.or.kr/hallinfo/guksabong.php,,배드민턴 전용 체육관
관악구민운동장,관악구 낙성대로 40,151-057,http://www.gwanakgongdan.or.kr/hallinfo/gumin.php,02-882-2660,서울특별시 관악구가 소유하고 있는 운동장으로 관악구민의 개인별·동호회별 체육활동을 위해 사용되고 주민체육대회도 자주 열리는 곳이다. 1992년 7월 23일 개장하였다. 면적은 1만 2713㎡이며 주로 축구장으로 사용되는 인조잔디구장과 배구장 농구장 테니스장으로 이루어져 있다.
관악구민체육센터,관악구 낙성대로3길 37,151-050,http://www.gwanakgongdan.or.kr/hallinfo/child.php,02-870-7612,서울특별시 관악구 봉천동에 있는 생활체육·문화강좌 프로그램을 제공하는 공간이다.
관악제2구민운동장,관악구 호암길 183-1(신림동 산58-8),151-015,http://www.gwanak.go.kr/servlets/rnl/gwanak/user/servlet/ContentServlet?cmd=CONTENT&seq=657&menu_no=000423,02-880-3508,* 6294㎡(운동장 2200㎡ 55m × 40m) * 다목적운동장 관람석 주차장 간이체육시설등
신림체육센터,관악구 남부순환로 1914,151-015,http://www.gwanakgongdan.or.kr/hallinfo/sinrim.php,02-2029-4501,관악구 신림11동 난곡사거리에 위치한 종합 체육센터로써 성인부터 유아에 이르기까지 수영 헬스 요가 에어로빅 등 각종 체육 프로그램과 발레 및 댄스 프로그램 등 교육문화 프로그램을 운영 중에 있습니다.
강북웰빙스포츠센터,강북구 삼각산로 85,142-862,http://www.gangbukcmc.seoul.kr/sports/group03/page01.php,02-944-2900,우리 강북웰빙스포츠센터 직원은 항상 열려있는 쾌적한 시설을 운영하여 구민이 건강하고 활기찬 생활을 영위할 수 있도록 정성을 다하겠습니다.
금천구민문화체육센터,금천구 독산로54길 188,153-014,http://www.gfmc.co.kr/sub3/01.asp,02-861-1313,"지상 3층 지하 2층  부지면적 5088㎡ 건축연면적 9114㎡"
강동구민회관,강동구 상암길 168(천호1동 41),134-861,http://www.gdgumin.or.kr/,02-488-5542,"위치 : 강동구 상암길 168 규모 : 대지(4312㎡) 연면적5404㎡ (지하1층 지상3층)"
온조대왕문화체육관,강동구 고덕동길 289   ,134-080,http://www.onjo.or.kr/,02-428-2020,누구나 참여 할 수 있는 다양한 문화 체육프로그램 운영으로 체육활동 기회를 확대하여 건강한 지역사회형성과  생활체육의 저변확대 수준 높은 서비스 제공을 통해 강동구민의 ‘삶의 질’ 향상을 위해 노력 하는 것입니다.
일자산제2체육관,강동구 둔촌동 산13-1번지,134-060,http://www.iljasan.or.kr/intro/intro02.asp,02-472-0319,"강동구민의 건전한 여가선용과 건강증진에 기여 체계적인 시설관리로 비용절감 및 효율성을 향상 회원을 최우선으로 생각하는 회원관리시스템 마련"
해공체육문화센터,강동구 천중로18길 61,134-020,http://haegonggym.igangdong.or.kr/,02-477-2229,"위치 : 강동구 천호동 399-1 규모 : 대지(1967㎡ 595坪) 연면적(1348㎡ 408坪) 지1/2층"
광진문화예술회관온달체육센터,광진구 아차산로 272,143-190,http://www.gwangjin.or.kr/gjtour/sports_intro01.htm,02-2049-4570,지하1층 광진문화예술히관 체육센터는 6레인 25m의 풀을 갖춘 수영장을 비롯 총 100평 규모의 헬스장과 소체육관이 있으며 전연령층의 다양한 기호를 수용한 다양한 프로그램을 가지고 전문운영진과 함께 고객여러분들의 체력증진을 돕겠습니다.
강남주민편익시설,강남구 남부순환로 3318,135-938,http://www.ykasports.net/,02-3412-2171~4,"강남주민편익시설 은 주민여러분의 편익과 복지에 도움이 되고자 항상 노력하고 있습니다. 다양한 프로그램과 쾌적한 시설로 여러분에게 즐거움과 행복을 드릴 수 있도록 최선을 다하겠습니다. 시민 여러분의 많은 참여와 관심 바랍니다"
동작노인종합복지관,동작구 상도11길 7 (대방동 335-10),156-020,http://www.djsw.or.kr/,02-823-0064,지역사회 안에서 그리스도의 이웃사랑정신을 바탕으로 나눔을 실천하고 어르신의 활기찬 노후생활을 창출하는 복지관
대치유수지체육공원,강남구 대치동 34번지 ,135-834,http://cafe.naver.com/daechisportspark/,02-2051-2285,체육공원은 총 8만 4000㎡의 부지에 환경조형물 ‘빛의 날개’와 자연형 연목이 어우러진 ‘그린존’ 음악분수·인공암벽등반코스·스케이트장 등 ‘멀티플라자존’ 국제공인 규격의 인조잔디 축구장과 농구장 2면 테니스장 2면 족구장을 겸한 배드민턴장 등 ‘스포츠 콤플렉스존’ 생태공원·안개분수·인공폭포 등 9종의 운동시설을 완비한 ‘웰빙존’ 등 4개 지역으로 구성되어 있으며 축구장을 제외한 모든 시설은 무료로 사용할 수 있다.
서남물재생센터,강서구 마곡동 91번지 ,157-210,http://www.seonam.seoul.kr/,02-3660-2118,서남물재생센터는 여러분들께 개방되어 있습니다. 홍보관 축구장 테니스장 등 시민 여러분들을 위한 편의시설과 자녀분들을 위한 생태연못을 성의껏 만들어 놓았으니 편리하게 이용하시고 쾌적한 환경과 맑은 한강을 위해 항상 격려하여 주시기 바랍니다. 
방배배수지체육공원,서초구 방배3동 599,137-825,http://sports.seocho.go.kr/facilitiesinfo/bangbae/userFacility/bangbaeView.do,02-2155-6755,방배배수지 체육공원은 서초구의 우면산 자락에 위치하였고 지상 2500여평에 조성된 다목적 체육공원 입니다.
은평구민체육센터,은평구 박새길42-23 (진관동362),122-200,http://www.efmc.or.kr/public_html/sports/index.asp,02-350-5333,서울특별시 은평구 진관외동 위치 유아스포츠단 구립축구장 운영 스포츠 강좌 안내
상경초등학교,노원구 수락산길 237(상계8동 621),139-208,http://www.sanggyeong.es.kr/doum/index.jsp,02-937-3147,상경교육은 '바른 인성으로 스스로 노력하는 창의적이고 실력 있는 학생 육성'을 기본 방향으로 하고 있습니다.
화원종합사회복지관,구로구 벚꽃로 484,152-050,http://www.hwawon.org/,02-837-0761,화원종합사회복지관은 2005년 10월 구로구 구로본동에 개관한 복지관으로 지역 내 소외되고 외로운 우리의 이웃들을 보호하며 지역주민들의 다양한 욕구를 충족시키고자 가족기능강화사업 지역사회조직사업 지역사회보호사업 3개 영역에서 사업을 개발 운영하고 있습니다.
북부종합사회복지관,노원구 상계1동 은빛길 64번지,139-201,http://www.bookboo.or.kr/,02-934-7711,우리 복지관은 1983년 사회복지법인 한국봉사회에서 건립한 국내 최초의 종합사회복지관으로써 사회복지관 운영에 대한 표준 모델을 제시하여 국내 사회복지관 사업의 확산에 기여하였습니다.
신정종합사회복지관,양천구 신정중앙로 80,158-857,http://www.shinjung.or.kr/,02-2603-1792,저희 신정종합사회복지관은“ 늘 가까이 곁에서 함께 다가가는 복지관 찾아가는 서비스”라는 슬로건 아래 지역주민의 삶의 질 향상과 사랑이 가득한 지역사회를 만들고자 노력하고 있습니다.
홍은배수지,서대문구 홍은1동 산1-551,120-849,http://www.sdm.go.kr/open_content/life/around/culture_facilities/physicalLifeList.jsp?mid=mn0704000000,02-330-1130,홍은1동 산1-551
망원동배드민턴장,마포구 동교로1길 73,121-889,http://www.mfmc.or.kr/view/about/menu3_7.jsp,02-300-5075,구민 누구나 입장 가능한 운동 시설
강남구민체육관,강남구 개포로28길 47,135-961,http://www.kncity.or.kr/sportct/sportct.asp?Org_Num=89,02-2176-0870~1,개포동 달터근린공원에 위치하여 자연환경과 주변경관이 수려하며 헬스 댄스 요가 탁구 배드민턴 농구등 80여개 강좌를 운영중에 있으며 2층 대체육관은 공관시간대에 대관운영중에 있습니다. 
안양천체육생태공원,구로구 안양교~신정교 안양천 둔치 ,,http://www.guro.go.kr/kor/page.jsp?code=gue080010020,02-860-3114,"명 칭 : 안양천 체육생태공원  위　치 : 안양교~신정교 안양천 둔치  교통편 : 지하철 1호선 구일역 2호선 도림천역 하차 오금교 밑 주차장 이용 가능  시　설  - 운동시설 : 인라인스테이트장 X게임장 베드민턴장 게이트볼장 등 - 공원시설 : 야생초 화원 만남의 광장 음수대 등"
마곡레포츠센터,강서구 양천로 251,157-210,http://www.gssi.or.kr/sports/sports_05_1.asp,02-3663-7171,일반체육센터와는 차별화된 프로그램과 최신식시설로 회원여러분의 건강을 책임지겠습니다.
계남다목적체육관,양천구 신정로 273-5,158-070,http://www.ycs.or.kr/parking/gyenam_introduction.php,02-2605-9301,"구민들의 생활체육환경 조성을 위해 계남 다목적 체육관은 배드민턴코트 15면 배구코트 4면 등 체육시설과 부대시설을 갖추고 있는 다목적체육관으로 양천구민의 삶의 질 향상에 기여하겠습니다. "
어린이대공원,광진구 능동로233(능동18),143-847,http://www.childrenpark.or.kr/,02-450-9356,서울시 광진구 능동에 위치한 어린이대공원은 53만여㎡의 넓은 공간 속에 동물원 식물원 놀이동산 및 다양한 공연시설과 체험공간이 가득한 가족테마공원입니다.
양재시민의숲,서초구 매헌로 99,137-893,http://parks.seoul.go.kr/template/common/park_info/park_info_01.jsp?p_idx=32&p_cate=2&f_idx=124&m_idx=209&park_id=citizen,02-575-3895,서초구 양재동에 위치한 공원으로 숲이 좋아 연인들의 만남의 장소로 이용됩니다.현재 도심에서는 매우 보기 드문 울창한 수림대를 형성하고 있고 특히 가을에는 감 모과 등 과일이 열려 풍성한 자연을 만끽할 수 있습니다.
서대문구립인조잔디구장,서대문구  홍은3동 산26-155,120-851,http://www.sscmc.or.kr/culture1/grass/use_sisul.asp?Umenu=U01,02-360-8685,서대문구립 인조잔디구장은 구민생활체육의 요람으로서 서대문 구민들의 여가와 건강 증진을 위한 야외스포츠 활동의 명소입니다.
동대문종합사회복지관,동대문구 이문로1길 11,130-881,http://www.communitycenter.or.kr/,02-920-4500,2000년에 개관하여 동대문구 지역주민들에게 문화복지센터로서의 역할을 수행하고 있는 동대문종합사회복지관은 사회적인 어려움에 처해있는 이웃들을 위해 구체적이며 전문적인 사회복지서비스를 제공하고 있습니다. 또한 다양한 문화체육사업을 통해 지역주민들의 건전한 여가활동을 통한 삶의 질 향상을 돕고 있습니다.
서초구립방배유스센터,서초구 방배로5길 11,137-060,http://www.bb1318.com/,02-3487-6752,청소년들에게 자유로움과 행복을 주는 공간 추구
마포노인종합복지관,마포구 신촌로 317 (창전동 140),121-881,http://www.senior21.or.kr/,02-333-1040,어르신을 가족처럼 진실된 마음으로 섬기는 서울특별시립마포노인종합복지관
공릉동다목적풋살구장,노원구 화랑로51길 17,139-240,http://www.nowon.kr/tour/tour.jsp?mid=144441,02-2446-3779,"* 위치 : 공릉동 112-3(예수사랑교회옆)  * 주요시설 : 풋살 인조잔디구장 조명등 음수대 등"
용산청소년수련관,용산구 이촌로71길 24,140-907,http://www.youthpool.or.kr/,02-749-0102,구민중심의 복합문화체육공간
도봉노인종합복지관,도봉구 아람길 50-1 (쌍문2동 19-12),132-858,http://www.dobongnoin.or.kr/,02-993-9900,우리 도봉노인종합복지관은 서울특별시에서 건립하였고 민간사회복지 전문기관인 밀알복지재단이 수탁받아 투명하고 성실하게 운영하고 있는 시립기관입니다. 
동대문노인종합복지관,동대문구 청소년 4길 3-1,130-866,http://www.happysenior.or.kr/,02-963-0565,사회복지 가치와 변화를 추구하며 어르신의 인권을 최우선하는 복지관
은평노인종합복지관,은평구 연서로 424-1(진관동 156-6),122-130,http://www.ep-silver.org,02-385-1351,어르신들을 위한 직ㆍ간접적인 사회복지서비스의 제공으로 삶의 질 향상과 안락한 노후생활을 도모하고 노인의 존업성을 유지하고 안정된 생활을 지원하며 경로효친사상의 함양을 통한 건강한 사회건설을 유도하고자 합니다.
강북노인종합복지관,강북구 삼양로92길 40,142-870,http://www.gswc.or.kr/,02-999-9179,밝은 노후를 약속하는 함게하는 복지관 강북노인복지관이 함께 하겠습니다.
강동노인종합복지관,강동구 동남로71길 32-5,134-825,http://www.gdsw.or.kr/,02-442-1026,강동노인종합복지관은 건강한 어르신 공경 받는 어르신 신바람 나는 어르신 행복한 어르신을 슬로건 하여 노인복지사업을 전개함으로써 노후생활이 행복한 강동노인종합복지관이 되고자 합니다.
강남구노인복지관,강남구 삼성2동 66,135-092,http://www.gnsenior.org/,02-549-7070,지역사회 내에서 자원체계를 통합하여 노인의 다양한 욕구에 맞추며 건강하고 활기찬 노후생활을 영위할 수 있도록 종합적인 서비스를 제공하여 삶의 질을 향상시키고 노인복지증진에 기여합니다. 
구로노인종합복지관,구로구 은행나무길 3 (구로5동 25-1),152-838,http://www.gurosenior.or.kr/,02-838-4600,건강한 어르신 존경받는 어르신 행복한 어르신 세상을 만듭니다.
약수노인복지회관,중구 신당 366-18,100-453,http://www.yssenior.co.kr/,02-2234-3515,전문적이며 다양한 사회복지 사업을 통해 노인들의 삶의 질 향상과 권익 증진을 도모하고 각종 이용프로그램을 통한 여가선용과 정서적 안정 심신의 건전한 생활을 도모하는 한편 지역사회의 문제를 예방 치료하는 역할을 하고자 합니다.
종로노인종합복지관,종로구 율곡로19길 17-8,110-500,http://www.jongnonoin.or.kr/,02-742-9500,우리 복지관은 어르신들의 복지증진과 노은문화 발전을 위한 복지공간으로서 상담사업 사회교육사업 기능회복사업 복리후생사업 재가노인복지사업 경로당 활성화사업 소득지원사업(노인일자리사업) 치매노인주간보호사업 지역복지협동사업 자원봉사활동육성사업을 진행하고 있습니다.
중랑노인종합복지관,중랑구 한마음길 34길(면목2동 178-8),131-820,http://www.eorsin.com/,02-493-9966,시립중랑노인종합복지관은 노인복지전문기관으로서 어르신들의 건강하고 안정된 노후생활을 돕기 위해 다양한 복지서비스를 제공하고 있습니다.
성북노인종합복지관,성북구 종암로15길 10,136-861,http://www.sbnoin.or.kr/,02-929-7950,*직원들의 헌신과 열정을 통한 어르신들의 꿈과 희망 실현        *어르신들의 적극적인 참여와 신뢰를 통한 직원들의 자존감 향상 *어르신들과 직원의 상호협력체계 구축을 통한 최고의 복지관 분위기 조성
서대문노인종합복지관,서대문구 독립문로8길 57,120-040,http://www.sdmsenior.or.kr/,02-363-9988,어르신과 더불어 활기차고 행복한 노후생활을 창조하고 실현한다.
송파노인종합복지관,송파구 백제고분로 32길 41(삼전동 172-2),138-841,http://www.song-pa.or.kr/,02-2203-9400,지역사회의 노인과 가족들에 대한 각종서비스를 제공하여 보람된 노후생활과 자립된 일상생활을 영위할 수 있도록 함으로써 노인복지 향상에 기여함을 목적으로 한다.
양천노인종합복지관,양천구 목동로3길 106,158-771,http://ycnoin.org/index.php,02-2649-88138815,어르신들의 제반문제를 사전에 예방하고 다양한 욕구를 해결하기 위해 적절한 서비스를 제공하여 어르신들의 가정이나 사회에서 존경받으며 건강하고 활기찬 노후를 영위할 수 있도록 한다.
올림픽주경기장,송파구 마들로5가길 113,138-220,http://stadium.seoul.go.kr/guidance/guide_01.html,02-2240-8746,* 필드 (들잔디)    8250㎡ (110×75m) * 육상트랙    8코스 400m * 출입문 : 144개소    외문66문직문2문 내문76문 * 전광판 : 칼라 흑백겸용1개    규격 : 38.4×14.2Ｍ 
잠실보조경기장,송파구 마들로5가길 113,138-220,http://stadium.seoul.go.kr/guidance/guide_01_02.html,02-2240-8712,* 필드(들잔디)8250㎡(110m x 77m)  * 육상트랙 8코스 400m * 전광판 : 칼라 흑백겸용 1개   규격 : 38.4m x 14.2m
이대성산종합사회복지관,마포구 월드컵로 219,121-782,http://www.sungsan21.org/,02-374-5884,마포구에 위치한 성산사회종합복지관은 1991년 9월에 개관하여 이화의 이념인 진선미를 바탕으로 지역 특성에 맞는 사회복지모델과 프로그램을 펼쳐 왔습니다.
마들종합사회복지관 ,노원구 중계23동 가재울길 12(515-3),139-865,http://www.madeul.org,02-971-8387,노원구 중계동 당현천이 바라다보이는 곳에 위치해 있는 마들사회복지관은 1991년 2월에 설립되어 약 20여년 간 지역주민의 복지증진을 위해 종합적이고 전문적인사회복지서비스를 제공해 왔습니다.
월계종합사회복지관,노원구 각심재길 25 (월계 2동 556),139-848,http://www.wwc.or.kr/,02-999-4211,월계종합사회복지관의 운영주체인 한국복음주의학원(한국성서대학교)은 그리스도 정신을 계승하여 겨레의 구원과 속죄 민족교화와 복지국가 건설에 이바지하고 궁극적으로는 전 인류의 행복증진에 기여하고자 한국성서대학교 운영을 통한 교육사업으로 인재를 양성하고 월계종합사회복지관 운영을 통하여 작게는 지역복지 발전에 크게는 복지국가 실현에 기여하고자 한다. 
길음종합사회복지관,성북구 길음3동 905,136-801,http://www.guswc.org/,02-985-0161,보육사업 및 노인복지사업 장애인복지사업 지역복지사업 등을 통하여 지역사회복지증진에 이바지함을 목적으로 함.
월곡종합사회복지관,성북구 오패산로 16길 23(하월곡동 222-5),136-130,http://www.ewolgok.or.kr/,02-911-5511,가치와 감동을 창조하는 고객중심의 사회복지 서비스 제공
서초종합사회복지관 ,서초구 남부순환로 2610,137-887,http://www.yangjaewc.or.kr/index.html,02-579-4783,양재종합사회복지관은 기독교 박애정신과 사회사업 실천원리를 바탕으로 하는 현장 사회 사업의 파수꾼으로써 유동인구가 많고 계층간의 빈부차가 심하며 또한 도시와 농촌의 접경지역인 인근지역 주민의 다양한 복지욕구에 부합하는 전문적 복지서비스를 효과적으로 전달하여 서초구 지역의 사회복지 증진을 위한 선봉자의 역할을 다 한다. 
성동종합사회복지관 ,성동구 청계천로 506,138-814,http://www.omni.or.kr/,02-2290-3150,지역사회 주민들의 실태와 욕구에 부응하는 다양한 사업의 전개로 건전한 지역문화를 조성하고 영세민 가정 결손가정 등의 자립·자활의 기회를 제공하며 지역사회 문제를 예방 치료하기 위한 종합적인 복지사업을 펼침으로서 복지사회 건설에 이바지한다.
이화여대종합사회복지관,서대문구 북아현로19길 58-21,120-866,http://www.ewhawelfare.or.kr/,02-3277-3190,이화여자대학교 종합사회복지관은 1956년에 설립된 이래 신축건물로 이전한 현재까지 전문적 지식과 기술을 활용하여 인근 지역주민의 복지증진을 도모하여 왔습니다. 또한 대학 부속 사회복지관으로서 사회복지 수요의 다양화 전문화에 따라 그에 부합하는 프로그램을 개발하고 전문인력을 양성하는 데 힘쓰고 있습니다. 
삼전종합사회복지관,송파구 백제고분로32길 35,138-841,http://www.samjeon.or.kr/,02-421-6077,삼전종합사회복지관은 자비복지 실천을 통하여 다양한 지역사회의 문제를 예방 치료하며 저소득층의 자립능력을 배양할 수 있는 기회를 제공하고 전문 서비스 체계를 구축하는 전문종합사회복지센터의 역할을 수행하는 것입니다.
송파종합사회복지관,송파구 오금로51길 34,138-813,http://www.songpacc.or.kr/,02-401-1919,우리복지관은 남한산성의 수맥인 성내천과 아름다운 거여공원 사이에 위치하고 있어 지역 주민들에게 매우 친근한 장소입니다.
잠실종합사회복지관,송파구 올림픽로12길 12,138-861,http://www.jamsilswc.or.kr/,02-423-7806,잠실종합사회복지관은 저소득 및 어려운 이웃들의 자립 및 사회적응을 위해 전문적인 서비스를 제공하고 지역사회 주민의 욕구해결 및 참여복지를 통해 더불어 사는 지역복지 공동체를 이룩하는데 목적이 있다.
신목종합사회복지관 ,양천구 신목로 5,680-832,http://www.shinmok.or.kr,02-2643-7222,신목종합사회복지관은 종합적인 사회복지사업을 통한 저소득층의 자립능력을 배양하여 삶의 질 향상을 유도하고 지역사회문제를 예방 치료하며 지역사회 및 주민의 연대감을 조성하는 매체로써 지역사회 주민의 복지증진을 위한 역할을 수행한다.
한빛종합사회복지관,양천구 신월로11길 16,158-840,http://www.han-bit.or.kr/,02-2690-8762,한빛종합사회복지관은 지역사회 내 도움을 필요로 하는 주민들에게 전문적이고 종합적인 사회복지서비스를 제공함으로써 주민들의 자조 자립능력을 배양하고 지역주민들의 다양한 욕구와 문제에 부응하는 사업을 개발 수행하고 있습니다.
영등포종합사회복지관,영등포구 신길로13길 4,150-851,http://www.childfund-ydp.or.kr/,02-845-5331,영등호종합사회복지관은 사람을 귀하게 여기고 사랑하는 정신을 바탕으로 어려운 처지에 있는 이웃들에게 다야하고 전문적인 보살핌을 펼치어 그들이 안정되고 건강하게 생활하고 그들의 가정과 지역사회의 구성원이 밝고 따뜻한 삶을 이루도록 한다.
갈월종합사회복지관 ,용산구 후암동길 144(갈월동 51-19번지),140-804,http://www.galwol.or.kr/i.php,02-752-7887,본 복지관은 법인의 설립정신을 바탕으로 지역사회 내에서 지역주민과 함께 종합적인 사회복지사업을 통해 저소득층의 자립능력을 배양하여 중산층으로 유도하고 지방사회문제를 예방ㆍ치료하며 지역사회 및 주민의 연대감을 조성하는 매개체로서 지역주민의 복지증진을 위한 종합복지센터 기능을 수행합니다.
효창종합사회복지관 ,용산구 하마비3길 4-2(효창동 5-65),140-897,http://www.hyochang.or.kr/,02-716-0600,지역주민들에게 언제나 열려있는 공간으로 지역문제와 욕구를 파악하여 그에 따른 다양하고 전문적인 서비스를 제공하고 지역사회 복지증진에 이바지하는데 노력함 
강북청소년수련관,강북구 수유동 산20-9,142-881,http://www.nanna.seoul.kr/main/index_.php,02-900-6650~1,강북청소년수련관 '난나'는 나와 또다른 나가 만나 서로 사랑하며 성장하여 나의 몫을 다하는오늘과 내일의 주인공이 되고자 합니다.
강동청소년회관,강동구 양재대로138길 41,134-830,http://www.kdyouth.or.kr,02-3426-6211~3,1995년 개관이래 지역주민과 청소년의 건전육성을 위해 강동구청으로부터 한국청소년연맹(아람단 누리단 한별단 한울회)이 위탁하여 운영하고 있는 청소년활동의 장입니다.
광진청소년수련관,광진구 광진구 광장동 318,137-030,http://www.seekle.or.kr/use_02.html,02-2204-3100,광진청소년수련관 ‘시끌’은 서울시가 건립하고 흥사단이 운영하는 생활권 청소년 수련시설로서 청소년의 건전한 취미활동과 자아성장을 돕기 위한 인성과 천문과학 인터넷 중독 예방 치료사업 성문화 교육 등 다양한 프로그램을 제공함과 동시에 지역 주민을 위한 평생교육 프로그램을 마련함으로써 가정ㆍ이웃ㆍ학교ㆍ지역사회와 더불어 사는 공동체를 가꾸어 가고자 합니다.
역삼청소년수련관,강남구 논현로64길 7,135-928,http://www.gyyc.kr/,02-550-3600,역삼청소년수련관은 강남 구청에서 건립하여 사단법인 파라미타 청소년연합회에서 위탁 받아 시설을 운영하고 있습니다.
구로청소년수련관,구로구 구로동로 141,152-870,http://www.guro1318.org/,02-838-1318,우리 수련관은 일상에서 자율성과 참여에 바탕을 둔 주체적이고 창의적인 청소년을 육성하고 청소년의 권리를 옹호하며 청소년들의 삶의 질을 향상시키기위한 교육 상담 수련활동 프로그램등을 청소년과 함께 개발 진행하여 건전한 심신수양과 문화 활동의 장을 제공함을 통해 구로구 전헤의 청소년 복지증진 도모를 위한 청소년복지 센터로서의 기능을 수행하고자 합니다.
중구청소년수련관,중구 동호로5길 19,100-608,http://www.j-youth.org/,02-2250-0500,우리 수련관은 20072009년 국가청소년위원회와 보건복지가족부가 평가한 전국 청소년수련시설 중 가장 우수하고 모범이 된 전국 최우수 청소년수련시설입니다.
망우청소년수련관,중랑구 송림길 156,131-230,http://www.in7942.or.kr/,02-492-7942,우리 수련관은 청소년들의 도덕적 품성을 함양하고 올바른 인생관을 확립하여 국가발전과 세계평화에 기여할 후계세대를 육성함을 목적으로 합니다.
은평구립축구장,은평구 진관외동 242-6,122-200,http://www.efmc.or.kr/public_html/sports/soccer/introduce.asp,02-350-5393~4,은평구 박새길 일대 9700m2(2934평)
오동골프클럽,강북구 오현길 117(번동 122-10외 1필지),142-060,http://samgaksan.gangbukcmc.seoul.kr/odong/group01/page01.php,02-944-2950,오동골프클럽은 1997년 강북구청의 오동근린공원 조성계획에 따라 건립된 운동시설로 지역주민의 건전한 레져활동과 체력증진에 기여함을 목적으로 운영하고 있습니다
금빛휘트니스센터,금천구 금천로 173,153-031,http://www.gfmc.co.kr/sub3/03.asp,02-802-9685~6,"* 서울시 금천구 금천로 173   * 규모: 지상 1층 지하 1층 8061㎡ (지 상 5972㎟ 지 하 2990㎡) "
강동테니스장,강동구 상일동 135 ,134-836,http://culture.gangdong.go.kr/web/board/culture/2/uiView.do,02-428-8414,명일근린공원내 위치한 강동테니스장은 테니스코트 6면을 갖추어 구민 여러분의 생활체육활성화와 체력향상 및 건강 증진의 공간이 되고자 합니다.
동명근린공원인조잔디축구장,강동구 고덕동 229 동명근린공원내,134-803,http://dmsoccer.igangdong.or.kr/,02-427-2307,"* 철저한 시설 유지 관리 및 양질의 관리서비스 제공 * 지역주민에게 다양한 생활체육 및 여가활동 기회제공 * 청소년의 건전한 여가활동의 장을 마련 밝은 마음과 건전한 정신 추구"
근로청소년복지관,광명시 하안동 732 (근로자복지아파트),423-060,http://boram.or.kr/board.php?board=boram&config=7&category=5&command=body&no=271,02- 899-0003,청소년의 자아개발과 복지향상 다양한 문화적 혜택을 통해 건전한 청소년을 육성하겠습니다.
봉은테니스장,강남구 삼성동 75번지,135-090,http://www.kncity.or.kr/sportct/sportct.asp?Org_Num=92,02-2176-0890,삼성동 코엑스 맞은편 봉은사 옆 도심에 위치하여 강남테니스 동호회 접근이 유리하고 레포츠시설로서 강광받고 있습니다. 
포이테니스장,강남구 개포로109길 62,135-240,http://www.kncity.or.kr/sportct/sportct.asp?Org_Num=92,02-2176-0872(~3),달터근린공원 포이초등학교 옆에 위치하고 있으며 개인 및 동호인 선호시설 입니다. 
강서개화축구장,인천시 계양구 하야동 27-1,407-410,http://www.gangseo.seoul.kr/site/munhwa/c3/page2_4.jsp,02-2600-6544,주민의 건전한 여가 선용과 체력증진을 위해 조성된 강서 개화축구장입니다.
방화동구립배드민턴장,강서구 개화동 303일대,157-230,http://www.gangseo.seoul.kr/site/munhwa/c3/page2_1_3.jsp,02-2600 - 6104,서울시 강서구 방화3동 36-14(인천공항고속도로하부) 배드민턴장 13면
방화동구립테니스장,강서구 방화3동 36-14,157-845,http://www.gangseo.seoul.kr/site/munhwa/c3/page2_1_6.jsp,02-2600-6579,서울시 강서구 방화3동 36-14(인천공항고속도로하부) 테니스장 6면
손기정체육공원,중구 손기정로 101,100-372,http://tour.junggu.seoul.kr/tour/h02_culture/h23_seeing_04.jsp?bid=SEESTREET&mode=view&num=73&page=1&ses=USERSESSION&field=&text=&secondCate=BD,02-313-7985,서울특별시 중구 만리동2가에 있는 공원. 
장충수영장,중구 필동로1길 30,100-715,http://www.dongguk.edu/html/map/kr/sub_26.html,02-2260-8981,국제 규격의 성인풀과 수심5m의 다이빙풀 전용 선탠장까지 갖추고 있어 제대로 된 피서를 즐길 수 있다. 총 수용인원은 1400명에 이르고 수상 안전요원 자격증을 가진 동국대학교 체육학과 학생을 안전요원으로 기용해 만전을 기하고 있는 수영장이다. 
삼청테니스장,종로구 계산동길 2 (삼청동 산2-1),110-230,http://www.ijongno.co.kr/html/sub/info_sisul/tennis/tennis_soge.asp,02-731-0619,생활의 여유를 만끽하며 자연과 함께 하는 삼청테니스장
황학정,종로구 사직동 1-48,607-121,http://cafe.daum.net/bowkorea/,02-732-1582,경희궁 회상전 북쪽에 지어진 궁술연습을 하던 정자
용마폭포공원,중랑구 용마산로 250-12,131-204,http://www.jungnangimc.or.kr/content.do?sgrp=S01&siteCmsCd=CM0001&topCmsCd=CM0004&cmsCd=CM0099&pnum=5&cnum=22,02-436-3466,3개의 인공폭포와 연못을 비롯하여 4개의 수영장과 축구장·배드민턴장·테니스장·게이트볼장 등이 있으며 원두막과 식탁 의자가 곳곳에 설치되어 있다. 그밖에 수석정원과 하늘공원·전망대·야외음악당도 들어서 있다. 
마포아트센터사계절스케이트장,마포구 대흥동30-1,121-809,http://www.mapoartcenter.or.kr/,02-3274-8500,특수 플라스틱 패널에 윤활제를 발생시키는 화학 물질을 발라 얼음 표면처럼 스케이트 날이 부드럽게 미끄러지도록 만든 특수 스케이트장
월드컵공원,마포구 성산동,121-250,http://worldcuppark.seoul.go.kr/facilities/sports2_2.html,02-300-5521,"2002 월드컵과 새 천년을 기념하기 위해  서울 서쪽에 위치한 난지도 쓰레기매립장을  안정화하면서 3471090㎡의 면적으로 조성된  대규모 환경 생태공원입니다. "
노해근린공원운동장,노원구 노원로22길 1,139-860,http://www.nowon.kr/tour/tour.jsp?mid=144411,02-950-3897,중계동 360-18에 위치. 운동장 1면.
마들스타디움,노원구 덕릉로 450,139-831,http://gongdan.nowon.kr/culturebusiness/soccer/info.html,02-949-8416,노원구 상계6동 770-2에 위치. 조명탑 관람석 관리사무소 등 주요시설. 인조잔디축구장.
중랑천변,노원구 중랑천 녹천교 하류측,,http://www.nowon.kr/tour/tour.jsp?mid=144421,02-2116-4168,자전거도로 산책로 체육시설물 운동장 등.
초안산근린공원,노원구 마들로5가길 113,139-050,http://gongdan.nowon.kr/culturebusiness/soccer/info.html,02-900-8691,노원구 월계동에 위치. 조명탑 관람석 조깅트랙 등 주요시설.
북악골프연습장,성북구 북악산로 537-14,136-100,http://www.gongdan.go.kr/gongdan/ba_golf/intro/intro.jsp,02-919-4040,북악골프연습장은 성북구 도시관리공단에서 직영으로 운영하며 북악스카이웨이 산자락에 웅장한 자태를 뽐내며 시설규모와 친절한 서비스 다양한 부대시설을 갖추고 그 전통과 명성에 걸맞게 준비된 실외골프연습장으로서의 자리매김을 위해 최선의 노력를 아끼지 않겠습니다.
남태령테니스장,서초구 방배2동 2782번지,137-853,http://sports.seocho.go.kr/facilitiesinfo/etc/facilityApart/userFacility/etcList.do?cate=A,010-6359-5594,저희 남태령 테니스장은 1997년 방배 2동에서 설립된 생활체육코트로서 조기반 오전반 오후반으로 나누어져 회원제로 운영하고 있습니다.
서울교대체육시설,서초구 서초중앙로 96,137-742,http://sports.seocho.go.kr/facilitiesinfo/etc/facilitySchool/userFacility/etcList.do?cate=S,02-3475-2114,"*시 설 : 축구장(인조잔디) - 65×102m / 우레탄트랙 - 직선6열 125m 곡선4열 400m  *위 치 : 서울 서초구 서초동 1650번지"
양재근린공원축구장,서초구 양재2동311번지,137-896,http://sports.seocho.go.kr/facilitiesinfo/yangjae/userFacility/yangjaeView.do,02-2155-6752,서초구 양재동 311번지에 위치한 인조잔디구장.
양재천수영장,서초구 양재동126-1,137-130,http://www.seocho.go.kr/site/sd/page.jsp?code=sdc040020170,02-2155-6754,폭 13.2m 길이 50m에 이르는 국제규격의 성인풀장과 직경 10m의 원형 유아풀장 총 2개의 수영장을 비롯 유아용 워터슬라이드 선베드 지압보도 그늘막 샤워실 탈의실 화장실 음수대 등 다양한 편의 시설을 갖추고 있다.
양재체육시설,서초구 바우뫼로18길 20,137-130,http://www.seocho.go.kr/site/sd/page.jsp?code=sdc040020110,02-2155-6771~74,*위치: 서초구 양재동 102번지   *시설: 축구장 농구장 배드민턴장
잠원역체육시설,서초구 잠원로4길 45,137-907,http://www.seocho.go.kr/site/sd/page.jsp?code=sdc040020120,02-2155-6771~74,*위치: 서초구 잠원동 61-6        *시설: 농구장 서규모 운동장 평행봉 및 철봉 등
구로구민생활체육관,구로구 새말로18길 31,152-838,http://www.guro.go.kr/kor/page.jsp?code=gue040010000,02-858-5150,"위 치 : 구로5동 50-9번지( 신도림역 2번출구 )☎ 858-5150 운영종목 : 에어로빅 탁구 요가 댄스스포츠 등"
강서구민올림픽체육센터, 강서구 화곡로65길 62,157-030,http://www.gssi.or.kr/sports/sports_01_1.asp,02-2607-9113,전문강사진의 오랫동안 운영하면서 축적된 노하우로 회원분들의 건강하고 즐거운 취미생활을 할 수 있도록 노력하겠습니다.
공항동문화체육센터,강서구 송정로 45,157-240,http://www.gssi.or.kr/sports/sports_02_1.asp,02-2666-9003,저희 수영장은 깨끗한 시설 저렴한 이용요금 최고의 강사진으로 여러분의 건강한 미래를 책임지겠습니다.
남산타운문화체육센터,중구 다산로 32,100-453,http://www.e-junggu.or.kr/?code=20&subp=4010_1,02-2280-8500,"전체 : 1631.6㎡ (1층 보육시설 제외) 헬스장 : 236.4㎡/어린이도서관 : 273.8㎡/생활체육실 : 231.1㎡/문화강의실 : 253.5㎡"
무학봉체육관,중구 신당5동 산12-63(무학봉근린공원내),100-817,http://www.e-junggu.or.kr/?code=10&subp=2010_1,02-3396-4133,중구시설관리공단 무학봉체육관은 무학봉근린공원 내에 위치하여 중구 구민의 건강 증진을 목적으로 다양한 체육관프로그램과 배드민턴 농구 배구 등을 위한 체육관 대관을 실시하고 있습니다. 보다 나은 생활체육프로그램을 제공하도록 최선의 노력을 다하겠습니다.
손기정문화체육센터,중구 동호로8다길 22,100-827,http://www.e-junggu.or.kr/?code=20&subp=1010_1,02-3396-4134,다양한 문화강좌의 생활체육기관. 
장충체육관,중구 동호로 241,100-392,http://www.jangchunggym.co.kr/,02-2236-4197," 대지 면적 : 9775㎡(2957평)   연면적 : 8299㎡(2510평)   수용 능력 : 하단 1650석  상단 2968석 총 4618석   (1층 Floor 이동의자 설치 시 900~1000석 추가 가능)   경기장 바닥면적 : 1654㎡(318평) / 지름 36m "
충무아트홀스포츠센터,중구 홍인동131,100-880,http://www.e-junggu.or.kr/?code=10&subp=1010_1,02-2230-6707,생활체육의 활성화를 통해 누구나 편안하게 참여할 수 있는 공간
올림픽기념국민생활관,종로구 성균관로 91,110-530,http://www.ijongno.co.kr/html/sub/info_sisul/olympic/sisul-olympic.asp,02-3673-4071,소극장 체육관 에어로빅실 유도실 헬스장 수영장 발레실 문화교실 유아교육실
면목2동체육관,중랑구 겸재로23길 27,131-820,http://jungnangspo.seoul.kr/jntour/m2_intro01.html,02-495-5200,"2009. 2. 2. 개관 한 면목2동 체육관은 열매공원 앞에 자리 잡고 있으며 편안함과 쾌적함을 동시에 느끼실 수 있습니다.  헬스 및 생활체육의 보급과 활성화를 통하여 지역공동체를 의식함은 물론 나아가 지방자치제에 부응 구민 모두 건강하고 여유로운 삶을 영위케 하여 지역사회 발전에 이바지고자 합니다."
묵동다목적체육관,중랑구 숙선옹주로 66,131-846,http://jungnangimc.or.kr/content.do?sgrp=S01&siteCmsCd=CM0001&topCmsCd=CM0004&cmsCd=CM0107&pnum=7&cnum=31,02-949-5577,봉화산자락에 위치한 체육관은 수려한 자연환경과 맑은 공기속에서 중랑구민의 건강증진과 배드민턴 활성화를 위해 배드민턴 코트 8면과 샤워장을 갖추고 있는 배드민턴 전용 체육관입니다. 
중랑문화체육관,중랑구 사가정로72길 47,131-833,http://www.jungnangimc.or.kr/,02-436-9200,중랑문화체육관은 사가정공원 중턱에 자리잡고 있어 경관이 매우 아름다우며 자연친화적인 설계로 이용시 편안함과 쾌적함을 동시에 느끼실 수 있습니다.
마포아트센터,마포구 대흥동 30-3,121-809,http://www.mapoartcenter.or.kr/board/list_2.asp?B_CODE=BOARD_1209245752,02-3274-8500,마포아트센터는 앞으로 지역 주민들과 소통하며 문화+교육+복지를 실현하는 '문화활력센터'로 자리매김하고자 합니다. 그리하여 문화예술이 주민들의 생활이 되고 주민 모두가 예술에 참여하는 문화복지 창의도시를 실현하겠습니다.
노원구민체육센터,노원구 노원로22길 1,139-229,http://gongdan.nowon.kr/culturebusiness/nowon/info.html,02-951-9980,수영장 조깅트랙 컴퓨터 교육실이 설치되어 있는 체육센터. 
불암산종합스타디움,노원구 노원로 130,139-804,http://gongdan.nowon.kr/culturebusiness/baseball/info.html,02-930-0070,인조축구장을 비롯하여 야구장. 족구장. 테니스장. 풋살장등 다목적 시설을 갖춘 체육공원으로 구민들에게 개방
개운산스포츠센터,성북구 북악산로 949-60,136-861,http://www.gongdan.go.kr/gongdan/gus_sports/intro/intro.jsp,02-925-9960,생활속 여유를 위한 도심속 자연공간 건강과 아름다움을 추구하는 미래지향의 개운산 스포츠 센터로 오십시오. 쾌적한 환경과 고급화된 서비스로 당신의 건강을 책임지겠습니다.
성북구민체육관,성북구 월곡2동 산2-1,136-132,http://www.gongdan.go.kr/gongdan/sb_hall/intro/intro.jsp,02-909-3497,성북구민체육관은 주민의 스포츠ㆍ문화 생활의 공간으로 주민의 복리증진 및 건강ㆍ문화 생활의 향상을 위하여 매진하고 있으며 320평의 대체육관을 비롯하여 스포츠ㆍ문화교실 취미교실 탁구장 헬스장 사우나 및 샤워실 등의 다양한 시설과 유익한 프로그램 우수한 강사진 첨단 영상 시스템 등을 완비하고 있습니다.
성북여성회관,성북구 성북로4길 177,136-060,http://www.gongdan.go.kr/gongdan/sb_whall/intro/intro.jsp,02-924-6781,여성사회참여 기회확대와 재취업을 지원하고 여성들의 다양한 문화활동을 영위할 수 있도록 평생교육시설 및 문화프로그램을 제공하는 성북여성회관입니다.
정릉북악체육시설,성북구 정릉동 산 87-357번지,136-100,http://www.gongdan.go.kr/gongdan/jr_gym/intro/intro.jsp,02-918-1355,지역 주민의 생활체육향상을 위해 주변의 넓고 쾌적한 생활체육공간을 제공하여 삶의 향상에 기여하는 정릉생활체육시설입니다.
서초구민체육센터,서초구 사평대로 55,137-040,http://www.seochoymca.com/,02-591-6060,사회체육 활동 평생교육 활동 청소년 상담활동 등 다양한 종류의 프로그램을 실시하고 있으며 지역주민의 건강과 여가활용의 장으로 활용될 수 있도록 노력하고 있습니다.
잠원스포츠파크,서초구 신반포로23길 66,137-909,http://www.jwsports.co.kr/,02-533-7508~9,잠원스포츠파크는 온 가족이 함께 할 수 있는 실내테니스장 헬스장 다목적프로그램실 풋살장 등의 다양한 시설과 프로그램을 제공함으로써 지역주민의 복지증진과 삶의 질향상에 크게 기여하고 있습니다.
대현산체육관,성동구 독서당로63길 44,133-070,https://www.sdmc.go.kr/sports/dhscenter/intro.asp,02-2204-7680,대현산 체육관은 배드민턴을 위해 특성화된 배드민턴 전용구장입니다.
성동구민종합체육센터,성동구 성수1가 685-697번지,133-111,https://www.sdmc.go.kr/sports/sdcenter/intro.asp,02-2204-7600,21세기 가족 건강과 문화의 산실로서 유아들의 신체적 정신적 발달을 도모하며 어린이들의 단체활동을 통해 사회성을 길러주고 직장인 주부 노부모님들의 생활체육을 통하여 여가 체육활동 및 생활의 활력소를 제공하고 있습니다.
서대문문화체육회관,서대문구 구홍은동 산26-155,120-851,www.sscmc.or.kr,02-360-8686~7,회원증대와 다양한 프로그램을 창출하여 유아 어린이 청소년 성인에 이르기까지 사회체육 프로그램 및 시민스포츠 보급활동을 시행하고 있습니다. 
송파배드민턴체육관,송파구 문정로 176,138-110,http://www.songpagongdan.or.kr/sports/sports02.asp,02-403-2839,송파배드민턴체육관은 구민의 여가선용과 건강증진에 이바지 할 수 있도록 최신시설을 갖춘 배드민턴 전용구장으로 구민여러분의 많은 이용 바랍니다.
목동문화체육센터,양천구 목동중앙본로 73,158-052,http://www.ycs.or.kr/rent/mokdong_introduction.php,02-2062-1862~4,양천구시설관리공단에서 운영하는 수영 헬스 골프 등 문화체육시설입니다. 
양천구민체육센터,양천구 목동 동로 57 (신정동 322-10),158-070,http://www.ycs.or.kr/rent/ycec_introduction02.php,02-2652-1792,수영장 탁구장 헬스장 등의 시설을 구비한 체육센터. 
영등포구민체육센터,영등포 구신길5동 426-3,150-850,http://www.y-sisul.or.kr/business/busi01_01.asp,02-2650-1416,구민체육센터는 영등포구민체육센터는 구민의 건강증진과 복지향상을 위해 2004.9월 개관하여 운영되고 있는 종합체육시설입니다. 구민체육센터에서는 수영헬스골프문화요가댄스구기 등 다양한 종목의 강습프로그램을 운영하고 있으며 이용객 편의증진과 다양한 강습프로그램 제공을 위해 최선을 다하고 있습니다. 
도봉중학교,도봉구 도봉2동 마들길 671번지,132-821,http://dobong.ms.kr/,02-954-4117,학교 홈페이지를 통해 학부모님 지역주민 학생 등 사이버 공간을 통하여 인사를 드립니다. 여러 선생님들의 의견을 존중하며 학부모님들과 지역인사님들의 지도와 도움을 받아 발전된 학교 경영에 최선을 다 하겠습니다.
창일중학교,도봉구 노해로66길 60,132-041,http://changil.ms.kr/?main,02-994-5934,우리학교는 실력과 인성을 갖춘 창의적 인재육성이라는 서울교육지표를 바탕으로 실력을 갖추고 올바른 인성으로 무장하여 창의적으오 활동하는 미래지향적인 학생을 기르고 있습니다.
초당초등학교,도봉구 방학 3동 514-2,132-836,http://www.chodang.es.kr/wah/main/index.htm,02-956-1562,초당초등학교는 '실력과 인성 정보화 소양을 갖춘 인재 육성'을 교육목표로 하여 다양한 교육활동을 적극 추진하고 있습니다. 정보화 소양 교육은 시대의 요청에 따라 특별히 많은 관심을 가지고 심혈을 기울여 교육하고 있습니다.
전동초등학교,동대문구 전농로16길 61,130-850,http://jundong.es.kr/?main,02-2245-9538,자랑스러운 전동 어린이 여러분 그리고 존경하는 학부모님과 교직원 여러분! 우리 전동초등학교는 꿈과 사랑 희망과 즐거움이 넘치는 행복한 학교입니다.
증산초등학교,은평구 증산서길 61,122-941,http://cafe.daum.net/jeungsansport/,02-373-6305,우리 증한학교는 어린이들에게 기쁨을 주고 교사에게는 존중과 보람을 주며 학부모에게는 믿음을 주고 학교는 책임을 지는 교육을 지향하고 있습니다.
우이초등학교,강북구 우이새싹길 11(수유5동 409),142-844,http://www.wooi.es.kr/,02-991-8722,웅장한 기상과 수려한 경관을 자랑하는 북한산 기슭에 자리 잡은 우리학교는 공기 맑고 소음 공해도 적어 어린이들이 생활하기에 쾌적한 환경을 갖고 있는 학교입니다. 
성일문화체육센터(성일초등학교),강동구 성내로15길 33,134-850,http://www.sungilsports.com/,02-475-4641,성일문화체육센터는 회원 여러분들의 건강과 생활체육의 발전을 위해 끊임없는 연구와 노력을 할것이며 회원 여러분들이 재미있는 운동을 통하여 몸도 건강해짐은 물론 마음까지 건강해지는 것을 가장 큰 보람으로 여기고 최선을 다할 것을 약속 드리겠습니다.
논현초등학교,강남구 용성 2길 29(논현1동 168번지),135-825,http://nonhyun.es.kr/?main,02-514-6636,우리학교는 21세기의 주인공으로 자라날 씨앗들인 논현 어린이들의 배움터입니다. 우리 논현 어린이들은 창의력과 특기를 가진 슬기로운 어린이 성실하고 인간성이 넘치는 참된 어린이 강한 의지력이 있는 씩씩한 어린이로 잘 자라나고 있습니다.
영희초등학교,강남구 일원로 21,135-230,http://www.younghee.es.kr/,02-2226-6016,저희 서울영희초등학교는 1910년 개교한 역사 깊은 학교로 1989년에 현재 이곳으로 이전 개교 100주년을 맞이하여 현대화 학교로 발돋움하고 있습니다.
개웅중학교,구로구 개웅 초롱길 67(개봉3동 273-15),152-812,http://www.kaewoong.ms.kr/,02-2688-0907,우리학교는 슬기롭고 튼튼하고 조화롭게하는 교훈아래 예절바르고 실력있는 학생을 기르기 위하여 72명의 교직원이 사랑과 정성으로 열심히 노력하고 있습니다
구현고등학교,구로구 경인로53가길 17,152-059,http://www.guhyun.hs.kr/,02-2628-8911,소통과 배려로 행복하게 공부하는 학교가 되겠습니다.
오류남초등학교,구로구 오류2동 서해안로24길,159-899,http://www.oryunam.es.kr/,02-2681-8466~8,우리 오류남초등학교는 학생들 각자가 자기의 꿈을 가꾸어 미래의 변화에 적응하며 잘 살아갈 수 있는 사람이 되도록 학생과 학부모 지역사회 인사와 교직원 등 교육공동체 모두가 힘을 합해 노력하고 있습니다.
가양초/경서중학교,강서구 양천로59길 31,157-809,http://kayang.es.kr/?main,02-2668-0303,본교의 모든 교직원은 미래의 희망인 가양어린이들의 재능을 잘 찾고 격려하여 세계로 미래로 큰 꿈을 펼칠 수 있도록 사랑과 정성을 기울이겠습니다.
봉래초등학교,중구 손기정로 73,100-372,http://www.seoul-bongrae.es.kr/doum/index.jsp,02-392-3485,우리 봉래초등학교는 114년의 역사와 많은 선배를 배출한 명품초등학교로 미래 사회를 선도할 자육적 창의적 도덕적인 어린이 육성을 교육목표로 정하고 다양한 교육활동을 펼치고 있습니다.
청구초등학교(청구교육문화관),중구 다산로 170,100-825,http://www.koreasports.or.kr/,02-2238-3867,꿈과 사랑이 넘치며 신뢰롭고 활기찬 청구 교육을 펼쳐 우리 청구 어린이들이 세계 속에 우뚝 서는 주인공이 되도록 최선을 다할 것을 약속드립니다.
면일초등학교,중랑구 용마산로100길 13,131-233,http://www.myeonil.es.kr/,02-437-8112,본교에서는 어린이들에게 시대의 주역이 되어 사회에 공헌하고 질 높은 자신의 삶을 영위 할 수 있도록 개인의  잠재력과 창의력을 발휘할 수 있도록 최선을 다하고 있습니다. 
창천초등학교,마포구 대흥동 꿈동산 5길 12,121-810,-http://www.ccsports.co.kr/,02-715-6381,70여 년의 오랜전통을 가지고 있는 우리학교는 '참되게 힘차게 정겹게'를 교훈으로 실력과 인성을 갖춘 창의적인 인재를 육성하기 위하여 교직원 모두가 열과 성의를 다하고 있습니다.
상원중학교,노원구 수락산길 182(상계9동 632),139-209,http://sang-won.ms.kr/?main,02-930-0762,우리 상원중학교는 1993년 개교하였으며 '참된 마음 바른 언행 건강한 몸'이라는 교훈아래 1100여명의 학생과 60여명의 교직원이 사랑과 정성으로 미래를 열어가는 행복한 학교를 만들어 가고 있습니다.
수암초등학교,노원구 은행나무 1길 5(중계본동 67),139-855,http://www.suam.es.kr/,02-3392-4127,본교는 서울 노원구 불암산 자락에 위치하고 있으며 2000년에 개교하여 10년이 갓 넘은 새로운 학교로 미래의 수많은 인재를 배출할 학교입니다.
중평중학교,노원구 중평 1길 43(하계동 271-2),139-230,http://jungpyong.ms.kr/?main,02-977-3026,본교는 주변의 아름다운 명산과 중랑천이 가까이 있어 자연 경관이 수려하며 19년 역사를 갖는 이름난 학교입니다.
중현초등학교,노원구 섬밭길 181(하계2동 272-2),139-232,http://www.joonghyun.es.kr/,02-979-8433,우리 학교는 '바르고 튼튼하며 슬기로운 어린이'를 기르기 위하여 선생님과 학부모가 서로 서로 손을 잡고 한 마음 한 뜻으로 사랑이 넘치는 감동의 중현교육을 실천하고 있습니다.
돈암초등학교,성북구 돈암초등길 36(동소문동 6가 27-1),136-036,http://www.donamsports.org/,02-928-2010,서울 돈암초등학교는 성북교육청의 중심학교로 역사와 전통을 자랑하고 21세기 지식 정보화를 이끌어 갈 인재를 육성하기 위해 부단한 노력을 기울이고 있습니다.
숭덕초등학교,성북구 정릉길 279(정릉2동 173),136-102,http://soongduck.es.kr/?main,02-911-1761,교육의 다양화를 실천하는 전통의 명문
장위초등학교,성북구 동심 1길 35(장위2동 68-8),136-829,http://www.jangwicho.es.kr/,02-915-4325,우리학교는 실력과 인성을 갖춘 장의적인 장위 어린이라는 교육목표하래 3UP 장위교육을 실천하고 있습니다.
신동중학교(신동교육문화회관),서초구 나루터로 27,137-907,http://cafe.naver.com/sdironstar,02-533-8602,본교는 1990년도에 개교한 이래 2009년 2월 제 17회까지 6531명의 졸업생을 배출하였으며 현재 27개 학급 1041명의 학생들이 더 넓은 세계로의 비상을 꿈꾸며 열정적인 선생님들과 함께 자신들의 꿈을 키워 가고 있습니다.
경수중학교,성동구 뚝섬로13길 22,133-121,http://www.gsu.ms.kr/,02-464-2088,언제나 열려있는 우리 경수중학교를 방문하셔서 미래와 희망을 찾으시고 격려와 칭찬을 해주시기 바랍니다.
이화금란고등학교,서대문구 대신동 113,120-160,http://www.edaebugo.hs.kr/index.html,02-392-4368,이화여자대학교 사범대학 부속 이화금란고등학교는 기독교정신을 바탕으로 한 '진선미' 요훈하에서 지난 40여년간 수 많은 인재를 양성해왔습니다.
정원여자중학교,서대문구 홍은3동 산11-97,120-850,http://www.jungwon.ms.kr/,02-394-6301,정원여중은 1969년 기독교 정신과 민족적 윤리관을 바탕으로 인간성과 창의력을 갖춘 문화인을 육성한다는 창학이념을 가지고 세워졌습니다.
홍연초등학교,서대문구 백련사길 27(홍은 2동 305),120-847,http://www.hyc.es.kr/,02-394-6175,우리 학교는 사랑과 정성과 큰 꿈이 듬뿍 담긴 열린 학교로서 바른 인성과 창의력을 지닌 어린이 정보화 소양을 갖춘 어린이 성실하고 실력있는 어린이를 기르기 위하여 모든 선생님들이 열과 성을 다하여 노력하고 있습니다.
신목고등학교,양천구 신정동 안양천길 536,158-070,http://www.shinmok.hs.kr/,02-2645-4513,우리 신목고등학교는 ＇篤學力行＇을 교훈으로 소통하고 배려하는 창의적 민주시민을 육성하기 위하여 모든 교직원들이 한마음으로 학생들을  지도하는 인문계 고등학교 입니다.
여의도중학교,영등포구 여의도동 40-1,150-888,http://www.yeouido.ms.kr/,02-782-0801,우리 학교는 '슬기롭고 이쁘게 굳세고 아름답게'를 교훈으로 삼아 새로운 시대를 여는 놉고 밝은 새로운 전통을 힘차게 창조해 나가고 있습니다.
원효초등학교,용산구 산천동,140-040,http://www.wonhyo.es.kr/doum/index.jsp ,02-716-4423,교육을 사랑하고 염려하는 모든 분들의 본교교육에 대한 정보공유의 장이 되도록 세심하게 노력하겠습니다.
이태원초등학교,용산구 녹사평대로40길 19,140-861,http://itaewon.es.kr/?act=doc&mcode=1914,02-793-6056,우리학교는 탐구하고 창의적인 지혜로운 어린이 바른 생활 습관이 형성된 착한 어린이 몸과 마음이 바르고 건강한 어린이 육성을 목표로 하고 있습니다.
도봉구청부설체력단련실,도봉구 마들길 656 (방학1동 720) 지하1층 ,132-701,http://www.dobongsiseol.or.kr/culture4.html?menu1=5&menu2=6#1,02-2289-8718/02-901-5158,도봉구 마들길 656 (방학1동 720) 지하1층 
도봉실내배드민턴장,도봉구 도봉2동 652번지,132-012,http://www.dobongsiseol.or.kr/culture2.html?menu1=5&menu2=4,02-901-5180,* 소재지 : 도봉구 도봉2동 652번지                                      * 개장일 : 2002년 11월  * 면  적 : 1530㎡ (2635평) 
도봉실내수영장,도봉구 마들로 859-19  (한신아파트),132-012,http://dobongsiseol.or.kr/swim/intro/01.htm,02-901-5170,도봉실내수영장은 쾌적하고 편리한 시설로 구민에게 다가가기 위해 100%재시공을 하였으며 최신의 해수풀 시스템 도입으로 수질관리에 중점을 두었고 다양한 프로그램 제공을 위해 특화프로그램을 신설하여 프로그램 선택의 폭을 확대하였습니다.
장평테니스장,동대문구 장안둑길 77,130-100,http://www.ddmgongdan.or.kr/physical/tennis/index.jsp,02-2247-9772~5,* 동대문구 장안둑길 67 (장안동 356) 장평근린공원내  * 규 모: 테니스 코트 3면 1624.8㎡ 부대시설(관리실 1동 창고 1동) : 52.1㎡ 
보라매공원,동작구 여의대방로20길 33,156-849,http://parks.seoul.go.kr/template/default.jsp?park_id=boramae,02-2181-1183,옛 공군사관학교 터에 조성한 공원으로 2007년 청소년들의 심신단련을 위한 테마공원으로 재조성하였고 청소년수련관 노인복지시설 장애인재활교육시설 등이 입주하여 다양한 계층이 즐겨 찾는 공원입니다.
선의 관악종합사회복지관,관악구 양녕로16길 44-9,151-050,http://www.goodwill.or.kr/,02-886-9941,선의관악복지관은 서울시 관악구 및 인근 지역주민을 위한 전문 사회복지 이용시설로서 지역의 다양한 문제와 욕구에 대하여 종합적인 서비스의 제공을 통해 문제를 예방 및 해결토록 한다. 또한 다양한 지역사회 인적물적자원의 활용과 참여를 통해 지역 공동체의식 및 상호 연대감을 강화함으로써 지역주민들의 삶의 질을 높이며 건전한 지역사회로 발전하도록 도모함을 목적으로 한다.
신림종합사회복지관,관악구 신림7동 665-1,151-015,http://www.sillym.or.kr/,02-851-1767,신림종합사회복지관은 가난과 질병으로 고통받는 난곡주민을 위하여 1981년 탄생하여 주민들의 다양한 욕구를 토대로 전문적 종합적인 사회복지서비스를 통하여 삶의 질 향상과 지역사회 복지발전에 기여하고 있습니다.
성민종합사회복지관,관악구 호암로 549,151-015,http://www.smw.or.kr/,02-876-0900,저희 복지관은 준비된 시설과 전문인력을 갖추고 인적 물적 자원을 동원하여 지역 사회내에서 가정의 복지와 지역사회의 복지를 위하여 종합적인 복지사업을 추진하는 사회복지 이용시설입니다.
번3동종합사회복지관,강북구 오현로 208 (주공아파트),142-863,http://www.bestbun3.or.kr/,02-984-6777,우리 복지관은 예수님의 사랑의 정신을 바탕으로 어려움을 겪고 있는 주민들에게 삶의 희망과 행복을 전해드리기 위해 전문적인 사회복지 프로그램과 서비스를 제공하고자 최선을 다하고 있습니다.
번2동종합사회복지관,강북구 한천로105길 24 (주공아파트),142-762,http://www.saeun.com/index.php,02-987-5077,더 행복하게 더 편안하게 더 가까이 다가가는 번동2단지 종합사회복지관
청담종합사회복지관,금천구 금하로29길 36,153-842,http://www.chungdam.or.kr/,02-806-1377,우리복지관은 1995년 개관한이레 사회의 그늘진 곳에서 소외되고 삶이 힘겨운 이들의 친구가 되기 위해 늘 노력해왔습니다.
강동종합사회복지관,강동구 진황도로23길 7,134-871,http://www.kdswc.or.kr/index.php,02-2041-7800,기독교 정신에 따라 전문적이고 창의적으로 지역특성에 맞는 다양한 사회복지사업을 수행함으로써 강동지역주민의 복지욕구해소와 협동의식 고취 등 지역사회복지증진에 헌신적으로 기여한다.
중곡종합사회복지관 ,광진구 용마산로3길 62,143-891,http://www.chunggok.org/,02-3436-4316,섬기는 사랑으로 이웃에게 희망을 주는 생명 있는 복지공동체를 실현하는 중곡종합사회복지관입니다.
능인종합사회복지관,강남구 양재대로 340,135-960,http://www.nungin.or.kr/,02-571-2988,전문적인 사회복지서비스를 통해 지역주민들의 삶의 질 향상과 행복을 위해 오늘도 정진하고 있습니다.
대청종합사회복지관,강남구 양재대로55길 12 (도시개발아파트),135-938,http://www.daechung.or.kr/,02-459-6332,강남구 일원1동 위치 아동보호 저소득층 노인 가족 재가복지 지역 공동체 후원 안내.
수서명화종합사회복지관,강남구 광평로51길 49 (주공아파트),135-884,http://mhwelfare.or.kr/main/main.php,02-459-2696,우리 복지관은 모든 일을 함에 있어 사랑의 마음으로 기본으로 지역주민들의 복지증진을 위해 전문복지서비스를 제공하기 위해 노력하고 있습니다.
태화종합사회복지관,강남구 수서동 741,135-886,http://www.taiwha.or.kr/html/,02-2040-1600,태화기독교사회복지관은 1921년에 '태화여자관'으로 시작한 우리나라 최초의 사회복지관으로써 사회복지법인 감리회 태화복지재단에서 직영하는 복지관입니다.
자양종합사회복지관,광진구 자양번영로 35,143-864,http://www.jayang.or.kr/,02-458-1664,자양종합사회복지관은 광진구청에서 건립하고 대한불교조계종사회복지재단이 위탁하여 경기도 용인 대각사가 후원사찰로 운영되는 사회복지관입니다.
가양4종합사회복지관,강서구 양천로57길 37 (가양4단지아파트),157-744,http://www.yonseigayang.or.kr/,02-2668-6689,진리와 자유의 뜻을 따라 희생과 사랑의 마음으로 사회에 봉사하는 연세대학교의 창립이념을 바탕으로 1996년 1월부터 연세대학교가 운영하고 있는 사회복지 전문기관입니다.
노원청소년수련관,노원구 덕릉로70길 99,121-230,http://www.youthcenter.or.kr/,02-3391-4141,청소년 수련 시설 및 주민편의시설로의 행복공간
구립서초유스센터,서초구 서초동 1535-6,137-872,http://www.scy.or.kr/,02-3486-0379,구립서초유스센타는 가톨릭 정신의 가치 아래 청소년 시기에 필요한 기량과 품성을 함양하여 청소년들이 건강한 성장을 할 수 있도록 다양한 체험의 기회를 부여하며 자신의 역량을 강화할 수 있는 수련거리를 제공하여 인간다운 삶을 영위할 수 있도록 돕고자 합니다.
성동청소년수련관,성동구 고산자로 260,133-070,http://www.sdyc.or.kr/,02-2296-4062,지금 여기 청소년과 함께!
서대문청소년수련관,서대문구 연희로32길 129,120-826,http://www.fun1318.or.kr/index.php,02-334-0080,서대문청소년수련관은 청소년들에게 세상과 통하는 다양한 길을 열어 주고 미래를 함께 준비합니다. 건강한 시민이 되고 시민들이 청소년들을 더 이해하고 사랑하는 세상을 꿈꿉니다.
목동청소년수련관,양천구 목동서로 143,158-050,http://www.wawa.or.kr/,02-2642-1318,우리 수련관은 서울 양천구에 최초로 지어진 청소년시설인 청소년수련관입니다.
영등포노인종합복지관,영등포구 도림로 482,150-836,http://www.silverwelfare.or.kr/,02-2068-5326,"영등포노인종합복지관은 노인의 존엄과 복지향상을 위한 창조적이고 전문적인 서비스를  제공함으로써 노인과 함께하는 행복한 지역공동체 실현의 주춧돌이 된다."
용산노인종합복지관,용산구 남계천길 45 (한남동 108번지),140-210,http://www.ysnoin.or.kr/,02-794-6100,어르신의 삶의 질을 향상시키며 무의탁 재가어르신들의 자립자활을 돕고 지역주민과 연대를 통하여 각종 노인 문제를 예방 해결하는 등 어르신들의 활기차고 밝은 노후생활을 돕고자합니다.
서울여성플라자스포츠센터,동작구 여의대방로54길 18,156-020,http://www.idongjak.or.kr/03_athletic/ysplz_index.asp,02-822-2426~7,대방동(지하철 1호선 대방역)에 위치한 서울여성플라자스포츠센터는 (재)서울여성으로 부터 수탁을 받아 운영해 오고 있으며 지하2층 지상1층 규모의 최신 시설로 수영장과 헬스장 다목적실을 갖추고 최신 프로그램으로 운영하고 있습니다.
서울YWCA,중구 명동11길 20,100-021,http://www.seoulywca.or.kr/07_community/7_2_1_tab01.asp,02-3705-6030,기독교청년회는 젊은이들이 그리스도의 뒤를 따라 함께 배우고 훈련하며 역사적 책임의식을 계발하고 사랑과 정의의 실현을 위하여 일하며 민중의 복지향상과 새문화 창조에 이바지함으로써 이 땅에 하나님의 나라를 이룩하려는 것을 목적으로 한다.
동부여성문화센터,종로구 창신길 88번지 (창신동 596-2),110-837,http://www.ijongno.co.kr/html/sub/info_sisul/woman/sisul-woman.asp,02-3675-5861,서울특별시 종로구 창신동에 위치한 여성단체. 
서부여성발전센터,양천구 신월1동 남부순환로 371,158-091,http://seobu.seoulwomen.or.kr/index.jsp,02-2607-8791,서부여성발전센터는 '여성의 힘이 미래다'하는 슬로건아래 여성이 남성과 함께 일하는 행복한 사회·평등한 사회를 실현하기 위해 지역특성을 반영한 여성친화적 일자리를 창출하고 있습니다.
기쁜우리재활체육센터,강서구 허준길 90 (가양동 1466),157-807,http://gibbunsports.or.kr/index.asp,02-3663-8114,개인의 장애와 사회의 장벽을 제거하여 장애인의 삶을 보다 더 자유롭고 행복하게 하며 사회를 사랑이 넘치는 아름다운 세상으로 변화시키는 것이 기쁜우리체육센터의 사명이다.
송파시각장애인축구,송파구  방이동 88-10,138-724,http://songpa.dasan.org/?view=biz/field_1.html,02-431-8881,이 사회에서 '소외' '편견'이란 가진 자의 오만과도 같은 일방적인 말들이 없어질 때까지 그래서 모든 이들이 평등한 기회와 참여를 통해 원대한 자유를 느낄 수 있도록 세상을 비추겠습니다.
삼육재활체육관,경기도 광주시 초월면 지월리 729,461-863,http://sports.samyook.org/,031-799-3891~9,삼육재활센터 재활체육관은 장애인들에게 스포츠를 통한 재활을 목적으로 1986년 건립되었습니다.
아차산배수지,광진구 구의동 38-4,143-200,http://www.gjsportal.org/,02-456-7331,아차산 배수지운동장에는 인조잔디축구장족구장테니스장정구장풋살장이 있으면 광진구 구민들이 편안하게 이용할수 있습니다.
자양유수지체육시설,광진구 자양동,143-190,,02-450-1395,배드민턴장 3면 농구장 1면 인라인트랙과 연습장 1면
탄천물재생센터,강남구 일원동 580,135-943,http://tancheon.com/company/company_03.asp,02-3410-9708,농구장2면 배드민턴장4면 테니스장3면 족구장2면 풋살경기장2면 게이트볼장
마곡유수지테니스장,강서구 가양1동 15-9 ,157-201,http://www.gssi.or.kr/sports/sports_03_1.asp,02-3663-6896,강서구 가양1동에 위치
가양유수지,강서구 가양동 1493 ,157-701,http://www.gangseo.seoul.kr/site/munhwa/c3/page2_1_5.jsp,02-2600-6411,다목적운동장 족구장(2면) 배구장 배드민턴장(4면) 게이트볼장(1면)
망원유수지체육공원,마포구 망원2동 450-3,121-7111,http://culture.mapo.go.kr/CmsWeb/viewPage.req?idx=PG0000000417,02-3153-8372~5,모든 시설은 마포구민에게 우선 배정하고 시설은 무료로 사용
중랑물재생센터,성동구 차장터5길 10,133-837,http://jstc.seoul.go.kr/preengage/preengage02.html,02-2211-2517,센터 내에 있는 체육시설(축구장 족구장 테니스장등)과 홍보관(156석)도 무료로 개방하고 있으니 많은 이용을 하여 주시기 바랍니다.
가좌배수지,서대문구 홍은2동  산26-170 ,120-100,http://www.sdm.go.kr/open_content/life/around/basic/basic01.jsp?mid=mn0307000000,02-330-1130,홍은2동 산26-170 위치
강남스포츠문화센터,강남구 밤고개로1길 52,135-884,http://www.kncity.or.kr/sportct/sportct.asp?Org_Num=21,02-2176-0801~3,21세기 스포츠 문화를 선도하는 강남스포츠 문화센터는 강남구 수서동에 위치한 강남구 최대 규모의 문화 복지 시설로써 수영장 골프장으로 포함 연 인원 6000명을 수용할 수 있는 메머드급 종합 스포츠 센터입니다.
목동주경기장,양천구 안양천길 336 (목동 914번지),158-050,http://stadium.seoul.go.kr/guidance/guide_03_03.html,02-2640-3808,(30000명)   - 필드(인조잔디) : 7802㎡  * 육상트랙 - 8코스 400m  * 출입문 : 64개소 - 내문 32 외문 32  * 전광판 : 칼라 - 규격 : 10×23Ｍ  
목동실내빙상장(목동아이스링크),양천구 안양천길 336 (목동 914번지),158-050,http://www.mdicerink.co.kr/intro/message.html,02-2643-3057~9,목동아이스링크는 대한빙상경기연맹과 대한아이스하키협회가 공동으로 한국동계스포츠라는 재단법인을 설립하여 동계스포츠인구의 저변확대와 동계스포츠종목의 경기력 향상을 위하여 위탁 운영하고 있습니다
도봉구민회관, 도봉구 창동 303 (도봉구민회관),132-707,http://www.dobongsiseol.or.kr/sub01/sub01_a_01.html,02-901-5160~2,도봉구시설관리공단에서 관리하고 있는 도봉구민회관은 40만 도봉구민의 문화예술공간으로 지하 1층 지상 4층 연면적 10107㎡ 건물로 1993년 12월 23일 개관하였습니다.
동대문구민체육센터,동대문구 장안둑길 67 (장안동 356),130-100,http://www.ddmgongdan.or.kr/life_center/center/index1.php,02-2247-9772 ~ 5,"ㆍ지하 2층 지상 3층 ㆍ부 지 3429㎡ 연면적 5157㎡ "
동작구민체육센터,동작구 여의대방로16길 53,156-010,http://www.idongjak.or.kr/03_athletic/djsp_index.asp,02-849-0100,신대방동(지하철 7호선 보라매역 지하철 2호선 신대방역) 보라매공원에 인접하여 쾌적한 운동 환경을 자랑하는 동작구민체육센터는 지하2층 지상4층 규모의 시설로 수영장과 헬스장 체육관 다목적실 실내골프 연습장을 두루 갖춘 종합체육시설로서 최신시설을 자랑하고 있습니다.
흑석체육센터,동작구 현충로 200 (흑석1동 116-1번지),156-070,http://www.idongjak.or.kr/03_athletic/hssp_index.asp,02-823-2273~4,흑석동(중앙대입구)에 위치하여 탁 트인 한강의 조망이 함께하는 흑석체육센터는 지하 1층 지상3층 규모의 시설로 수영장과 다목적 체육관 헬스장 지능계발실을 갖춘 종합 체육시설입니다.
가양5종합사회복지관 ,강서구 양천로57길 36 (가양5단지아파트),157-807,http://www.gy5welfare.or.kr/,02-2668-4603,가양5종합사회복지관은 주민 스스로 지역사회 희망을 만들어가도록 함께 한다
가양7종합사회복지관,강서구 허준로 209 (가양7단지아파트),157-810,http://www.gayang7.or.kr/gayang7.jsp,02-2668-8600,가양7종합사회복지관은 사회복지법인 기원이 위탁을 받아 운영하고 있으며 부처님의 사상을 바탕으로 전문성을 갖추어 질 높은 사회복지서비스를 제공하는 사회복지 전문 기관입니다.
등촌1종합사회복지관,강서구 강서로68길 36,157-930,http://www.dc1welfare.or.kr/,02-2658-1010,등촌1종합사회복지관은 원망생활을 감사생활로 돌리자는 관훈 아래 지역주민들과 함께 살기좋은 등촌마을을 만들기 위해 최선의 노력을 다하고자 합니다.
등촌7종합사회복지관 ,강서구 공항대로43길 104,157-930,http://www.dc7.or.kr/,02-2658-6521,등촌7종합사회복지관은 지역특성 및 지역주민의 욕구에 대한 전문사회복지사의 기술과 방법을 활용하여 다양한 사업을 연구 개발하고 지역사회 문제를 예방 치료하며 지역사회 및 주민간의 연대감을 조성하는 재체로서 지역사회의 복지증진을 도모하는데 그 목적이 있습니다.
방화11종합사회복지관,강서구 방화초교길 6-2 도개공11,157-775,http://www.banghwa11.or.kr/,02-2661-0670,장애인과 비장애인이 함께하는 건강한 지역사회 구현 
방화2종합사회복지관, 강서구 방화대로48길 40,,http://www.goodneighbors.kr/local/banghwa2/,02-2662-6662,서울특별시 강서구 방화동 위치 기관소개 시설현황 결식예방지원 가족문제상담 등 안내.
방화6종합사회복지관,강서구 방화3동 금남화길 141-6(816번지),157-856,http://www.21csw.or.kr/,02-2666-6181,행복 복지 공동체 그리고 행복복지공동체
신당종합사회복지관,중구 동호로11길 22,100-828,http://www.shindang.or.kr,02-2231-1876,우리 복지관은 그리스도의 사랑과 나눔의 정신으로 종합적인 사회복지사업을 통하여 지역사회 내 취약계층의 생활안정과 소득향상을 지원하고 자립 자활 능력을 배양하고자 한다.
유린원광종합사회복지관,중랑구 신내길 56(신내1동 572-2),131-866,http://www.yurin.or.kr/,02-438-4011,우리 복지관은 원불교 정신을 바탕으로 전문적 사회복지서비스를 통해 지역사회 통합과 주민의 건강한 삶을 지원하여 모두가 더불어 행복한 복지세상을 건설한다.
사랑의전화마포종합사회복지관,마포구 만리재로 29,121-851,http://www.laf.or.kr/,02-712-8600,사랑의전화 마포종합사회복지관은 지역주민의 복지증진을 위한 종합사회복지관을 1989년 건립하여 지난 21년간 저소득 국민을 위한 각종 사회복지사업을 수행함으로써 지역의 다양한 문제들을 해결하여 사회복지증진에 기여함을 목적으로 합니다. 
공릉종합사회복지관,노원구 동일로 405(공릉3동 708번지 공릉복지관),139-805,http://www.gongneung.or.kr/,02-948-0520,공릉종합사회복지관은 사회복지 실천 윤리 가지 지식을 바탕으로 전문적 사회복지서비스를 제공하여 지역주민의 삶의 질 향상과 지역사회의 성장을 실현한다.
노원1종합사회복지관,노원구 월계로 372,139-842,http://www.nowon.or.kr/,02-949-0700,행복을 실현하는 노원1복지관
상계종합사회복지관,노원구 평화 7길 2골목 23 (상계3동 101-135),139-810,http://www.sanggyebokji.or.kr,02-951-9930,상계종합사회복지관은 지역주민과 함께 “열린 복지세상! 신명나는 복지세상!”을 만들어갑니다.
중계종합사회복지관,노원구 당고개길 228 중계주공아파트 3단지,139-224,http://www.junggye.or.kr/,02-952-0333,지역주민과 함께 가꾸는 아름다운 지역사회 추구
평화종합사회복지관,노원구 노원길 329 (중계3동 514-3),139-865,http://www.pyunghwa.or.kr/,02-949-0123,새로운 도약! 변화와 성장으로 희망복지 지역공동체 실현!!
생명의전화종합사회복지관, 성북구 종암로40길 36,136-130,http://www.lifelineseoul.or.kr/,02-916-9193,생명의전화는 1976년 한국 최초의 전화상담기관으로 시작하여 1985년 한국의 대표적인 달동네였던 하월곡동에 성북구에선 처음으로 생명의전화종합사회복지관을 개관하여 어렵고 힘들게 살아가는 이웃들에게 희망의 불빛이 되기 위해 노력해 왔습니다.
정릉종합사회복지관,성북구 솔샘로5길 92,136-856,http://www.jnwelfare.or.kr/,02-909-0434,공의와 사랑 섬김과 나눔 돌봄과 하나됨을 지향하는 열린 복지관. 지역사회를 기반으로 주민이 주체가 되는 복지관.
반포종합사회복지관,서초구 당재길 20 (잠원동 60-5번지),137-907,http://www.mybanpo.org/,02-3477-9811,우리 복지관은 운영법인의 모교회인 사랑의교회가 지향하는 '지역사회를 책임지는 교회'의 사명을 실천하기 위새 1998년 개관이래 아동에서 어르신에 이르기까지 다양한 지역주민들의 복지증진을 위한 전문적인 사회복지 프로그램을 제공하고 있습니다.
방배종합사회복지관,서초구 남부순환로 2124,137-062,http://www.cbwc.or.kr/,02-522-6004,‘예수의 까리따스수녀회’ 정신으로 지역사회 욕구 및 문제해결과 장애인의 사회통합을 위한 전문적인 복지서비스를 제공하고 사랑의 복지공동체를 이룩한다. 
우면종합사회복지관 ,서초구 바우뫼로7길 11,137-900,http://www.woomyun.or.kr/,02-577-6321,봉사와 희생정신 그리고 사회사업 실천원리를 바탕으로 서초구 관내의 국민기초생활보장수급권자와 장애인 및 요보호대상 주민 등 사회적 약자의 지원에 정진함과 동시에 지역주민의 다양한 복지욕구를 충족하는데 전력함으로써 서초구 지역전체의 복지사회구현을 통한 지역발전을 선도한다. 
서대문종합사회복지관,서대문구 모래내로 177,120-802,http://www.sdmbokji.or.kr/,02-375-5040,신뢰함으로 꿈을 만들고 함께하는 사랑으로 행복합니다.
홍은종합사회복지관,서대문구 홍은1동 보은길 130(홍은1동 48-20),120-101,http://www.hwelfare.or.kr/hongeun.jsp,02-395-3959,홍은종합사회복지관은 ‘마음은 하나님께 손길은 이웃에게’ (Heart to God Hand to man)라는 구세군의 정신을 바탕으로 서대문구 주민의 삶의 질을 높이며 어려운 환경에 처한 우리의 이웃을 찾아 그들의 고통을 덜어주기 위한 전문적인 Human-service를 제공하고 개인의 문제해결능력향상 가족의 기능강화 지역사회 통합을 목적으로 설립되었습니다.
풍납종합사회복지관,송파구 강동대로3길 5,138-876,http://poongnap.dasan.org/,02-474-1201,유기농 사회복지를 실천하는 복지관
가락종합사회복지관,송파구 양재대로 897,138-883,http://www.garak.or.kr/,02-449-2341,복지사회의 중심에서 지역주민과 더불어 성장하는 공동체
마천종합사회복지관,송파구 마천로65길 4,138-821,http://www.childfund-macheon.or.kr/,02-449-3141,지역사회와 함께 변화하고 성장하는 즐거움이 있는 복지관
신월종합사회복지관 ,양천구 신월2동 615-43,158-843,http://www.sinwc.or.kr/,02-2605-8728,"우리는 인간존중을 바탕으로 더불어사는 지역사회 공동체를 실현하고 나아가 지역주민들에게 사랑과 희망을 주기 위하여 노력합니다."""""
목동종합사회복지관,양천구 목동중앙북로8길 104,158-810,http://www.mokdongswc.org/,02-2651-2332,지역주민의 족지수요를 최고수준으로 만족시키는 전문사회복지관
시립대학교종합사회복지관,중랑구 신내로 115,131-873,http://www.uoscc.or.kr/,02-3421-1988,서울시립대학교 종합사회복지관은 지역사회 주민의 자립능력배양 지역사회문제의 예방 및 치료와 더불어 지역사회복지의 중심축을 담당하는 지역사회복지센터의 기능을 수행하고 있습니다.
신길종합사회복지관,영등포구 영등포로84길 24-5,150-853,http://singil.org/new/,02-831-2755,저희 복지관은 자비와 광명이라는 불교의 인간존중 사상을 기반으로 하여 지역 주민들에게 다양한 사회복지서비스를 제공하는 사회복지 전문기관입니다.
옥수종합사회복지관 ,성동구 한림말길 16-5,133-839,http://www.oksoocwc.com/,02-2282-1100,옥수종합사회복지관은 성동구청이 건립하고 대한불교조계종사회복지재단이 수탁하여 미타사 정수암이 지원 사찰로 운영되는 14년 역사의 복지공동체입니다.
장위종합사회복지관 ,성북구 한천로89길 13,136-826,http://www.jangwi.or.kr/,02-918-3073,장위종합사회복지관은 사회복지법인 구세원에서 1995년에 설립하여 운영하고 있는 종합 복지관으로써 지역주민의 복지향상과 삶의 질 향상을 위해 노력하여 왔습니다.
동대문청소년수련관,동대문구 이문로1길 11,130-010,http://www.ddmy.or.kr/,02-3295-1478,"우리 동대문청소년수련관은 예절을 기본으로 한 친절"" ""안전을 기본으로 한 프로그램 운영"" ""정리정돈을 기본으로 한 근검절약"" 을 운영지침을 가지고 운영하는 청소년수련시설입니다."""
보라매청소년수련관,동작구 여의대방로20길 33,156-010,http://www.boramyc.or.kr/index.asp,02-834-7231,청소년활동진흥법과 가톨릭 정신을 바탕으로 청소년의 건전한 육성을 위해 힘쓰고 청소년이 자유롭게 이용할 수 있는 공간이 될 수 있도록 노력하겠습니다.
은평청소년수련관,은평구 백련산로4길 16,122-913,http://www.woori1318.or.kr/,02-383-9966,우리 수련관은 청소년들이 밝고 맑고 건강하게 성장할 수 있도록 각종 시설과 다양한 프로그램을 제공하여 21세기를 이끌어 나갈 리더쉽을 갖춘 청소년들을 육성하고 지원하는 청소년들의 열린 공간입니다.
관악청소년회관,관악구 신림로23길 17,151-895,http://www.goyouth.or.kr/index.php,02-876-0636,1995년 관악구로부터 위탁을 받아 운영하는 전문적인 청소년종합수련시설
금천청소년수련관,금천구 한우물길 26-2,153-032,http://www.cyc.or.kr/,02-803-1318,건강한 청소년 행복한 가정 화합의 지역 공동체'라는 슬로건 아래 다양한 청소년 복지 및 문화활동과 지역주민들을 위한 프로그램 운영 등으로 지역의 청소년기관으로 꼭 필요한 전문적인 역할을 수행하고 있습니다.
강남청소년수련관(서울YMCA),강남구 학동로95길 19,135-953,http://www.gangnamyc.or.kr/,02-544-9725,강남청소년수련관은 강남구가 건립하고 서울 YWCA가 위탁 운영하는 강남구의 대표적인 청소년 프로그램 센터로서 청소년의 지덕체의 조화로운 발전을 도모하고 지역주민의 취미 및 여가생활을 위한 다양한 프로그램을 운영하고 있습니다.
수서청소년수련관,강남구 광평로 144,135-886,http://www.youtra.or.kr/,02-2226-3611~4,서울시립수서청소년수련관은 사단법인 한국청소년세상이 운영하고 있는 청소년과 지역주민을 위한 편의시설입니다.
화곡청소년수련관,강서구 무지개1갈18(화곡4동 809-1),157-898,http://www.hgyouth.or.kr/,02-2061-1318,친절한 서비스와 청소년여러분의 만족한 수련관 이용을 위해 우리 직원 일동은 열심히 봉사하며 청소년을 위한 시설 서울시민이 누구나 편리하게 이용할 수 있는 수련관으로 거듭 발전할 수 있도록 노력하겠습니다.
서울청소년수련관,중구 을지로11길 23,100-600,http://www.youthc.or.kr/default.asp,02-2266-3211,청소년들의 올바른 인격형성과 균형 있는 성장을 돕기 위한 다양한 수련활동을 수행하여 우리의 청소년들이 국가와 사회가 필요로 하는 건전한 민주시민으로 성장할 수 있도록 기여함을 목표로 운영하고 있습니다.
종로청소년문화센터,종로구 명륜길 74 (명륜동3가 1-1042),110-811,http://www.ijongno.co.kr/,02-3675-1318,청소년문화예술센터는 미래세대의 주인이자 문화의 주역이 될 청소년들에게 건강한 가치를 담은 문예작품을 창작 보급하고 끼와 재능이 넘치는 청소년들의 꿈을 키워주는 곳입니다.
중랑청소년수련관,중랑구 면목동 1382-10,131-200,http://www.jjang.or.kr/new/main/main.html,02-490-0216,중랑청소년수련관은 전통문화와 효를 바탕으로 세계속의 한국인 육성을 목표로 하고 있는 청소년운동의 선두주자 한국청소년연맹에서 수탁 운영하는 수련관입니다.
한강시민공원반포지구,서초구 신반포로11길 40,137-042,http://hangang.seoul.go.kr/park_banpo/,02-591-5941~3,반포대교(잠수교)를 중심으로 상류는 한남대교 하류는 동작대교 사이 강변 남단에 위치해 있고 길이는 7.2㎞로 서초구 반포동 동작구 흑석동에 인접해 있습니다.
뚝섬서울숲,성동구 성수1가1동 685번지,133-110,http://parks.seoul.go.kr/template/default.jsp?park_id=seoulforest,02-460-2919,서울시민들의 웰빙공간을 영국 하이드파크(Hyde Park) 뉴욕 센트럴파크(Central Park)에 버금가도록 마련하고자 2352억여원을 투자하여 자연과 함께 숨쉬는 생명의 숲 시민이 함께 만드는 참여의 숲 누구나 함께 즐기는 기쁨의 숲인 서울숲을 조성함
응봉산 인공암벽공원,성동구 독서당로60길 13-1,133-853,http://www.sd.go.kr/kid.do?op=mainSub&lay=5&mCode=7A050030010&displayId=050030,02-2286-6061,"응봉산 절개지를 활용 국내 최대의 인공암벽 등반 시설을 갖춘 5200㎡의 생활체육공원입니다. 어린이 놀이터와 쉼터 주차장이 완비된 가족공원으로 개나리꽃이 활짝 핀 봄이 되면 꽃내음을 맡으며 가족들과 함께 누구나 즐길 수 있는 도심 속 명소랍니다."
오금공원,송파구 오금로 363,138-857,http://esongpa.or.kr/sopage/leisure/leisure_01.asp,02-449-0019 ,해발 200m의 야산을 자연 그대로의 멋을 살려 1990년에 개원하였다. 광장 5곳과 어린이놀이터·자연학습장·산책로 9코스를 갖추었으며 대지 면적 4544㎡의 운동장과 정구장·수영장·배드민턴장·게이트볼장·체력단련장 등의 운동시설이 들어서 있다.
올림픽올팍축구장,송파구 올림픽로 424 (올림픽회관),138-50,http://swimming.ksponco.or.kr/olParkSoccerSports/olParkSoccer.do,02-410-1673,25m×15m
올림픽펜싱경기장,송파구 올림픽로 424 (올림픽회관),138-50,http://www.ksponco.or.kr/olPark/KospOlParkRentalFencingStadiumIntroduce.do,02-410-1601,7000석 규모로 수납식 객석이 있어 공간을 다목적으로 활용할 수 있으며 체육행사 공연 단체행사 등 다양한 행사를 개최할 수 있습니다. 체육관 옆에는 88잔디마당 한얼광장 등 넓은 휴식 공간이 자리하고 있어 이용이 더욱 편리합니다.
천마공원축구장,송파구 성내천로35길 53,120-833,http://www.songpagongdan.or.kr/sports/sports04.asp,02-403-2395,"*면적 :6800㎡(약 2057평) *시설 : 인조잔디축구장 1면(경기장 60m*92m) 관람스탠 75m 77㎡ 우레탄 조깅로 330m"
목동테니스장,양천구 목동동로 316-10,158-051,http://www.ycs.or.kr/support/g_notice/g_notice_list.php?TNAME=NOTICE04,02-2643-0686,*위치: 양천구 목동 915번지       *시설: 테니스코트 18면(라이트시설 12조)백보드1조 관리동(샤워실 라커룸) 창고
안양천체육시설,양천구 오목교 밑,,http://www.yangchon.seoul.kr/lifestyle/physic_ayc_situ.asp,02-2620-3400,축구장 다목적 운동장 야구장 궁도장 인라인스케이트장 게이트볼장 우드볼장 자전거도로
영학정,양천구 목1동 409-74,158-806,http://www.hwalsarang.com/,011-234-2322,편리한 교통 다양한 장비 유익한 프로그램 서울의 유일한 활쏘기 체험장
해누리체육공원,양천구 신정6동 330-4,158-076,http://www.ycs.or.kr/rent/haenuri_introduction02.php,02-2652-3453 ,양천구 시설관리공단에서 운영하는 인조잔디 축구장. 
서울대공원,경기도 과천시 광명길 42,427-702,http://grandpark.seoul.go.kr/,02-500-7870,서울대공원은 다양한 즐거움을 골라 맛보는 곳. 아름다운 천혜의 대자연 속에 가족학습 자연문화 오락공간으로 꾸며진 국제적인 명소로 각광을 받는 곳이기도 합니다.
영롱이갈대구장,영등포구 양평동,150-100,*,02-2670-3773,양화교 주변에 위치한 축구장
한강시민공원여의도지구,영등포구 여의동로 330,150-010,http://hangang.seoul.go.kr/park_yoido/,02-3780-0561 ,여의도한강공원은 정치 금융 언론의 중심지인 여의도에 자리하고 지하철 버스 등 대중교통으로 접근성이 좋아 직장인과 일반시민들이 즐겨찾는 명소이자 봄꽃축제 세계불꽃축제 각종 공연 및 마라톤행사 등 다양한 행사가 이어져 볼거리와 즐길거리가 풍부한 휴식공간입니다.
서빙고동헬스장,용산구 서빙고로 279,140-240,http://www.yongsan-life.or.kr/main/?skin=111010,02-3785-1597,*위치: 용산구 두무개길 5번지 (서빙고동 134번지)
용문동헬스장,용산구 새창로12길 13,140-070,http://www.yongsan-life.or.kr/main/?skin=111012,02-3273-9667,*위치: 용산구 도원동 4-5
용산2가헬스장,용산구 신흥로 90,140-841,http://www.yongsan-life.or.kr/main/?skin=111011,02-3785-1535,*위치: 용산구 용산2가동 11-13
응봉근린공원한남테니스장,용산구 한남 산8-1,140-210,http://www.yongsan.go.kr/pms/contents/contents.do?contseqn=593&sitecdv=S0001401&decorator=user14If&menucdv=03040000,,*위치: 한남 산8-1                   *시설:어린이놀이터테니스장체력단련시설 등 
이촌2동 헬스장,용산구 이촌로18길 20,140-909,http://www.yongsan-life.or.kr/main/?skin=111013,02-701-6367,*위치: 용산구 이촌2동 206-2
이태원2동헬스장,용산구 회나무로13길 58,140-200,http://www.yongsan-life.or.kr/main/?skin=111014,02-749-7756,*위치: 용산구 이태원동 255-54
청파1동 헬스장,용산구 청파로93길 27,140-829,http://www.yongsan-life.or.kr/main/?skin=111015,02-704-7756,*위치: 용산구 서계동 227-1
한남1동헬스장,용산구 대사관로34길 49 (1 2층),104-910,http://www.yongsan-life.or.kr/main/?skin=111017,02-798-5315,*위치: 용산구 한남동 622-3 (구) 한남1동 청사 1 2층 
한남동헬스장,용산구 대사관로5길 1,140-891,http://www.yongsan-life.or.kr/main/?skin=111016,02-792-5315,*위치: 용산구 한남동 685-20 
도봉서원종합사회복지관,도봉구 마들로 668,132-012,http://www.seowonbokji.or.kr,02-3494-4755,우리 복지관은 도봉지역 주민의 참사랑 실천을 위하여 사회복지 일선의 현장 곳곳에서 보다 전문적인 사회복지실천을 위해 노력하고 있습니다. 
장안종합사회복지관,동대문구 한천로18길 48,130-101,http://www.jang-an.or.kr/,02-2242-7564,우리 복지관은 동대문구 최초의 복지관으로 지역 내 무의탁노인 소년소녀가장 장애인 등 어려움을 겪고 계신 분들에게 삶의 희망과 행복을 전하기 위해 다양한 사회복지 프로그램과 서비스를 제공하는 전문 사회복지기관입니다
본동종합사회복지관,동작구 노량진로32길 79,156-812,http://www.bdswc.or.kr/,02-817-8052,저희 복지관은 지역사회 안에서 주민의 복지향상과 보다나은 삶의 환경개선을 위해 아동에서부터 어르신에 이르기까지 욕구에 맞는 사회복지서비스를 실천하는 사회복지전문기관입니다.
동작이수종합사회복지관,동작구 동작대로35차길 7,156-090,http://www.isuwelfare.or.kr/main.asp,02-592-3721,변화와 성장으로 지역사회와 하나되는 동작이수사회복지관
녹번종합사회복지관,은평구 은평로21길 14-26,122-020,http://www.nokbeon.or.kr/,02-388-6341,녹번종합사회복지관은 예수그리스도의 사랑과 가르침에 따라 희망을 나누는 좋은 이웃으로 섬김을 실천하고 있습니다.
신사종합사회복지관,은평구 은평로 38,122-882,http://www.sscc.or.kr/index.php,02-376-4141,저희 신사종합사회복지관에서는 소중한 당신을 주인으로서 스스로 변화시킬 여러분을 위해 새롭게 도약을 시도하고 있습니다. 그러한 지혜를 모으고 자비를 베푸는 행복한 곳으로 만들어가도록 약속드리겠습니다.
서울노인복지센터,종로구 삼일대로 467,110-310,http://www.seoulnoin.or.kr/,02-739-9501,우리 서울노인복지?너는 노인문화의 중심지인 탑골공원의 성역화 작업에 따라 노인문제 해결과 노인문화의 발전을 위한 노인복지공간으로 2001년 4월 1일 서울시가 설립하고 대한불교조계종사회복지재단이 위탁 운영하는 노인전문사회복지 기관입니다.
신내노인종합복지관,중랑구 도당길 161 (신내동 771-1),131-130,http://www.shinnaesenior.or.kr/,02-3421-4800,신내노인종합복지관은 '활기찬 노후 행복한 미래 창조적 복지실현'을 위해 그리스도의 사랑을 바탕으로 지역어르신을 주인처럼 섬기며 지역사회문제와 노인의 욕구를 파악 전문적 프로그램을 개발 시행하여 어르신들의 삶의 질 향상에 목적이 있습니다.
노원노인종합복지관,노원구 노원로16길 15,139-779,http://www.nowonsenior.or.kr/,02-948-8540,시립노원노인종합복지관은 사회복지 이념을 바탕으로 지역사회 내 노인들에게 각종 상담 사회교육 보건·의료복지 취업알선 및 가정봉사원파견사업 주간보호사업 등 통합적인 서비스를 제공함으로써 삶의 질을 향상시켜 보다 건강하고 보람된 노후를 보낼 수 있도록 하는데 목적이 있다. 
서초노인종합복지관,서초구 강남대로30길 73-7,137-030,http://www.seochosenior.org/,02-578-1515,우리 복지관은 행복한 노년 힘찬 대한민국을 만드는 어르신의 요람입니다.
성동노인종합복지관,성동구 태양길1 (마장동 798-1번지),133-816,http://www.sdsenior.or.kr,02-2298-5117,"서울특별시립 성동노인종합복지관은 지역사회 어르신들을 대상으로 다양한 서비스 프로그램을 개발 지원함으로써 건강증진 건전한 여가 문화 활동 및 일상생활의 자립 자활을 지원하고 지역사회내 노 인복지에 대한 이해와 참여를 확대하여 노인복지 증진에 기여함을 목적으로 합니다."
잠실2수영장,송파구 마들로5가길 113,138-220,http://stadium.seoul.go.kr/guidance/guide_01_06.html,02-2240-8971,* 경 영 풀 : 25m×50m - 1조 10레인 * 다이빙풀 : 20m×15m - 다이빙대 2 개  * 출 입 문 : 19개소 - 내문 11 외문 8 
강북구민운동장,강북구 오현로 187-25,142-862,http://www.gangbukcmc.seoul.kr/sports/group07/page01.php,02-944-6893,관람석 3000석 규모의 축구 전용 인조 잔디 구장으로 샤워장과 부대시설 및 조깅트랙을 갖춘 시설로써 지역주민의 체력증진에 최선의 노력을 기울이도록 하겠습니다.
강북문화예술회관,강북구 가오리길82(인수동360-10),142-882,http://samgaksan.gangbukcmc.seoul.kr/group02/page02.php,02-944-3000,영화 공연 생활체육에 이르기까지 다양한 여가생활을 체험할 수 있는 강북구 최대 복합문화 공간으로 삼각산의 수려한 자연환경과 더불어 지역의 명소로 주민들로부터 큰 사랑을 받고 있습니다.
구민건강생활관,강동구 성내로14길 18,135-851,http://guminhealth.igangdong.or.kr/,02-474-8248,"철저한 시설 유지 관리 및 양질의 관리서비스 제공. 지역주민에게 다양한 여가활동 기회제공. 청소년의 건전한 여가활동의 장을 마련 밝은 마음과 건전한 정신 추구. 각종 발표회 등 소규모 공연을 통한 공동체의식 함양"
일자산제1체육관,강동구 동남로 660,134-060,http://www.iljasan.or.kr/intro/intro01.asp,02-472-0311,"강동구민의 건전한 여가선용과 건강증진에 기여 체계적인 시설관리로 비용절감 및 효율성을 향상 회원을 최우선으로 생각하는 회원관리시스템 마련"
광진구민체육센터,광진구 광장동 318,143-807,http://www.gwangjin.or.kr/gjtour/sports2_intro01.htm, 02-2049-4800 ,"광진구민체육센터는 보다 나은 문화 체육 컨텐츠  제공은 물론 지역건강을 위하여 힘써 오고 있으며  앞으로도 쉼 없는 노력을 다할 것입니다. "
중곡문화체육센터,광진구 능동로 433,143-900,http://www.gwangjin.or.kr/rent/junggok_lecture_info01.htm,02-2049-4560,문화체육센터 소개 수영 헬스 문화강좌 등 프로그램 안내. 
대진체육관,강남구 개포로109길 62,135-240,http://www.kncity.or.kr/sportct/sportct.asp?Org_Num=90,02-2176-0880,"대청역 바로 옆 수려한 대진공원 내에 위치한  배드민턴 전용 체육관으로서 요가라틴댄스 배드민턴 스포츠댄스라인댄스 배구등  20여개 강좌를 운영중에 있으며 공실시간대에  대관운영하고 있습니다."
숭인스포츠센터(숭인중학교),동대문구 천호대로 177,130-030,http://cafe.daum.net/soonginsports/ ,학교 02-2215-0176/숭인스포츠센터: 02-2217-3300,숭인중학교는 쾌적한 교육환경과 최고의 시설을 갖춘 이 시대의 앞서가는 학교입니다. 이를 바탕으로 학력과 인성을 겸비한 민주시민을 육성하는 숭인중학교를 만들어 나가는데 최선을 다하겠습니다.
수송중학교,강북구 번1동 수송중학길 19(456-1),142-061,http://www.soosong.ms.kr/,02-900-5791,본교의 교육목표는 생각과 행동이 올바른 인간 감성이 풍부하고 창의적인 인간 협동하고 봉사하는 사람이 될 수 있도록 교육하는 것입니다. 이러한 목표를 달성하기 위하여 학습자 중심의 교육과정을 운영하여 학력신장을 기하고 창의성 개발교육을 강화하며 민주시민의 자질을 함양하도록 전 교사들이 노력하고 있습니다.
길동초등학교,강동구 길동역 7길 건물 37번 362,134-812,http://gildong.es.kr/,02-475-5591,서울 길동초등학교는 쾌적한 교육환경과 최고의 시설을 갖춘 학교입니다. 저는 이를 바탕으로 학생 교직원 학부모 모두가 하나 되어  행복한 학교가 되도록 최선을 다 하겠습니다. 
광남초등학교,광진구 아차산로70길 35,143-815,http://kwangnam.es.kr/?main,02-455-3485,넓은 나루! 그 남쪽 양지 바른 터에서 미래의 꿈나무들이 저마다의 꿈을 키우고 있습니다. 서울광남초등학교는 학생 모두가 소중하고 값진 꿈을 키워나가는 꿈밭입니다.
구의초등학교,광진구 구의새싹길 31(모전동 산3-9),143-130,http://guui.es.kr/?act=board.list&code=1329,02-444-6490,구의초등학교는 아동들의 소질과 적성을 살려주고 즐겁게 생활하며 자기 주도적으로 학습할 수 있는 여건을 조성하기 위해 교직원과 학부모가 협력하여 꿈과 희망이 넘치는 학교를 이룩한다는 학교경영관을 가지고 학교를 운영하고 있습니다.
언북문화체육센터(언북초등학교),강남구 삼성로135길 42,135-950,http://www.eonbuk.es.kr/,02-514-5985,인조잔디 운동장과 주차장 헬스장 수영장 구립어린이집 멀티미디어실 급식실 도서실 체육관 등의 시설은 우리 학생들이 큰 꿈을 펼쳐 가는데 좋은 여건을 제공하고 있습니다.
포이초등학교,강남구 포이동 273,135-961,http://www.poi.es.kr/,02-571-3931,우리학교에서는 포이 어린이들을 말과 생각과 행동이 바른 어린이 스스로 공부하고 개성을 가진 어린이. 새롭게 생각하고 탐구하는 어린이 몸과 마음이 건강한 어린이로 기르는 것을 교육목표로 하여 학교 공동체 구성원 모두가 주인으로서 민주적이고 자율적이며 창의적인 경영에 참여토록 하여 실력의 기반 위에 꿈과 사랑을 가꾸는 학교를 만들기 위하여 열심히 노력하고 보람된 학교생활을 해 나가고 있습니다.
구로초등학교,구로구 구로중앙로27나길 21,152-857,http://www.guro.es.kr/,02-861-2706,우리 서울구로초등학교는 1946년에 개교하여 오랜 역사와 전통을 지닌 구로구 중심의 학교로 어린이들이 신나는 학교 학부모가 만족하는 학교 즐거운 학교가 되도록 최선을 다하고 있습니다.
신도림고등학교,구로구 경인로67길 159,152-886,http://www.shindorim.hs.kr/,02-2068-7979,우리 신도림고등학교는 학생들을 국내 최초의 친환경 시설 속에서 쾌적하게 생활하게 하고 우수한 선생님들의 사랑과 열정으로 결집된 최선의 교육력을 제공하며 학생 스스로 자기주도적 학습 능력을 신장하여 수도 서울 최고의 명문고로 성장해 나갈 것입니다.
가곡초등학교,강서구 발산1동 가곡길 34,157-281,http://www.ga-gok.es.kr/doum/index.jsp,02-2661-7117,우리 학교는 질 높은 교육과 다양화를 추구하는 미래지향적인 학교를 만들기 위해 신경영기법과 신사고로의 전환을 통한 민주적이고 창의적인 학교경영을 할 것이며 이를 바탕으로 구성원 각자의 적성과 능력을 발휘할 수 있는 합리적이고 효율적인 체제가 되도록 지원하는데 노력하고 있습니다.
치현초등학교,강서구 방화3 동 배움터길 21,157-223,http://www.chihyeon.es.kr/,02-2661-6272,꿈을 갖고 도전하며 자신의 능력을 맘껏 발휘하는 어린이 사랑의 눈으로 제자를 대하고 미래사회를 준비하며 연구하는 교사 자녀에게 꿈과 희망을 주며 선생님을 신뢰하고 존경하는 학부모 교육공동체가 함께 신뢰하고 자랑스러워하는 학교 본교가 추구하는 치현 교육의 모습입니다.
장충고등학교,중구 신당 2동 432-460,100-452,http://www.jangchung.hs.kr/doum/index.jsp,02-2233-9990,본교는 올바른 사람 쓸모 있는 사람 튼튼한 사람의 교훈 아래 희망찬 미래를 꿈꾸는 청소년에게 꿈과 희망을 심어주고 크게 가꾸기 위해 노력하고 있습니다.
청운초등학교,종로구 자하문길 103(청운동 123),110-030,http://www.chungwoon.es.kr/,02-737-0218,우리 학교는 21세기 지식 기반 사회를 앞장서서 이끌어 갈 수 있는 '실력과 인성을 갖춘 창의적인 인재육성'을 목표로 새롭게 교육 프로그램을 편성하고 이를 운영하고자 다양한 교육활동을 전개하고 있습니다.
아현중학교(아현문화체육센터),마포구 아현2동 267-1,121-859,http://cafe.daum.net/ahyunsports,02-365-4422,우리 학교는 교직원 학생 학부모님들이 혼연일체가 되어 상호신뢰하고 협조하는 가운데 보다 더 좋은 학교를 만들기 위해 항상 노력하고 있습니다.
당현초등학교,노원구 당현1길 26(상계6동 742),139-206,http://www.danghyeon.es.kr/,02-932-0605,우리 학교는 안정된 주변 환경과 우수한 시설 등 좋은 여건을 갖추고 고운 마음으로 실력을 키우는 어린이들과 늘 연구하며 사랑으로 가르치는 훌륭하신 선생님 그리고 교육에 관심이 많은 학부모님들이 함께 어우러져 바람직한 교육을 실천하려는 노력을 기울이고 있습니다.
하계중학교,노원구 하계 1동 구로정길 23 231-4,139-231,http://hagye.ms.kr/?act=doc&mcode=1015,02-973-0006,우리학교는 수락산과 불암산 줄기에 새 하늘 열리며 꿈이 서린 곳으로 25년의 역사와 전통을 자랑하는 학교입니다.
동신초등학교,성북구 보문사길 34(보문동3가 228),136-083,http://www.sdongsin.es.kr/doum/index.jsp,02-925-3442,본교는 꿈 보람 감동을 바탕으로 실력과 인성을 갖춘 창의적인 동신 어린이들이 슬기롭고 예절바르며 튼튼하게 자랄 수 있도록 어린이 학부모 교사들이 힘을 모아 내일을 향한 꿈동이 꿈신이를 키우고 있습니다.
서일중학교(서일교육문화회관),서초구 서운로21길 2,137-856,http://www.seoil.ms.kr/,02-3482-9663,학생에게 꿈과 희망을 선생님께 보람을 학부모에게 감동을 주는 명품교육을 함께 만들어가겠습니다.
언남중고등학교(언남문화체육센터),서초구 동산로13길 35,137-896,http://www.3ful.com/,02-575-2680,본 센터는 양재근린공원에 위치한 지하2층 지상7층의 대규모의 문화체육센터로 수영장 헬스 및 에어로빅 등 체육프로그램을 비롯하여 다양한 문화교육 프로그램을 진행하고 있습니다.
금호초등학교(열린금호교육문화관),성동구 금호2가 511,133-803,https://www.sdmc.go.kr/sports/ghcenter/map.asp,02-2204-7650,쾌적한 환경과 건강한 생활을 추구하는 문화의 산실로 신체적 정신적 발달을 도모하며 단체활동을 통해 사회성을 길러주고 직장인 주부 노부모들의 생활 체육을 통하여 생활 활력소를 제공하고 있습니다.
북성초등학교(북성교육문화관),서대문구 북아현동 215,120-821,http://www.seoulbuksung.es.kr/wah/main/html/view.htm?menuCode=72,02-313-7723~4,본교는 '애국하는 어린이 · 서로 돕는 어린이' 를 교훈으로 삼아 1941년 11월 01일 개교 이래 2010년 02월 11일 65회 졸업생을 배출하기까지 총 33037명의 인재를 길러낸 역사와 전통에 빛나는 유서 깊은 학교로서 현재는 900여명의 아이들이 부모님과 교직원 및 지역사회의 따뜻한 보살핌 속에 꿈과 재능을 열심히 키워가고 있는 희망의 터전입니다.
홍제초등학교(홍제스포츠센터),서대문구 홍은중앙로 13,120-101,http://ikasa.org/branch/branch_01_program.aspx,02-395-4422,1937년 5월 대곡보통학교로 개교한 서울홍제초등학교는 서울특별시 서대문구 홍은1동에 위치하고 있으며 유서 깊은 삼각산의 늠름한 기상과 북악산 인왕산에서 흘러드는 푸른 정기를 받으면서 70여 년간의 역사와 전통을 이어온 자랑스러운 학교입니다.
구로구민체육센터,구로구 고척로45길 39,152-080,http://www.guro-sc.or.kr/,02-2681-9595,* 사업운영의 전문성 개발 및 우수 강사진 확보를 통한 질 높은 교육서비스 제공   * 최신시설과 쾌적한 공간 유지로 회원 편의 도모 및 고객 만족 향상   * 저렴한 비용부담으로 다양한 여가활동 및 프로그램 개발 육성  * 고객 모니터제 및 커뮤니티 구축을 통한 이용 만족도 제고  * 가족 참여 건강달리기 대회 및 회원 가족의 밤 등 주민 화합의 장 마련
장충문화체육센터,중구 퇴계로50길 59,100-856,http://www.e-junggu.or.kr/?code=20&subp=2010_1,02-2264-7624,"위 치 : 중구 장충동2가 193-39 장충공영주차장 4층 (엠버서더호텔 주차장 뒤편) 면 적 : 헬스센터 : 412.85㎡ / 독서실 : 464.26㎡"
중구회현체육센터,중구 퇴계로12길 78,100-873,http://www.e-junggu.or.kr/?code=10&subp=3000_0,02-2280-5731,"2829㎡ 부지에 지하1 지상5층 연면적 4829㎡ 규모. 지상 1~5층까지는 6레인(성인용)·유아용 풀 등이 있는 수영장을 비롯 휴게실·목욕시설 헬스장 및 골프연습장 위치. 지하1층에는 32대 규모의 주차장 마련."
종로구민회관,종로구 당고개길 3 창신동(222-8),110-840,http://www.ijongno.co.kr/html/sub/info_sisul/gumin/sisul-gumin.asp,02-3672-2530,종로구민회관은 2000년 2월에 설립된 종로구시설관리공단에서 운영하는 종합스포츠/문화센터로서 지역발전 및 이용자들의 생활의 편익과 건강 복리증진에 기여하고 있다. 종로구민회관은 수영 헬스 및 각종 스포츠와 다양한 문화공간을 운영하며 이용자들에게 편안하고 안전한 여가활용 공간을 유지하는 한편 저렴한 비용으로 수준 높고 다양한 프로그램을 즐길 수 있다.
종로문화체육센터,종로구 도서관1길 15 (사직동 284-1),110-054,http://www.ijongno.co.kr/,02-732-9392,종로문화체육센터는 25m(5레인)의 늘푸른수영장과 비타민휘트니스 사직체육관 문화교실 신바람교실 피아노교실 상설 전통공연장인 광화문아트홀이 있으며 그로인해 김덕수 사물놀이와 전통 연희공연을 가까이에서 함께 할 수 있어 이용자들에게 육체적인 건강뿐만 아니라 문화적으로도 유익한 공간을 제공하고 있다. 
신내다목적체육관,중랑구 신내로21길 115-14,131-130,http://jungnangimc.or.kr/content.do?sgrp=S01&siteCmsCd=CM0001&topCmsCd=CM0004&cmsCd=CM0103&pnum=6&cnum=27,02-3422-4350,봉화산자락에 위치한 체육관은 수려한 자연환경과 맑은 공기속에서 중랑구민의 건강증진과 배드민턴 활성화를 위해 배드민턴 코트 8면과 샤워장을 갖추고 있는 배드민턴 전용 체육관입니다. 
중랑구민체육센터,중랑구 신내로15길 189,131-846,http://jungnangspo.seoul.kr/jntour/gm_intro01.htm,02-3423-1070~4,중랑구민체육센터는 21세기 여가중심사회를 선도하기 위하여 유아에서 노인에 이르기까지 다양한 생활체육프로그램의 운영으로 누구나 손쉽게 참여 가능한 생활체육 환경을 조성하고 구민복지 차원의 다양한 생활 체육서비스 제공을 통하여 구민 여러분들의 삶을 한층 더 풍요롭게 하는 건강스포츠문화를 창조해 나갈 구민 여러분의 열린 공간입니다. 
마포주민편익시설,마포구 월드컵북로44길 40,121-830,http://www.mpcc.or.kr/Sub02/Sub1.asp,02-374-0400,우리 편익시설을 이용하시는 모든 분들이 가족적인 분위기에서 보다 편안하고 즐거운 마음으로 각종 프로그램 및 시설을 이용하실 수 있도록 최선의 노력을 다하겠습니다.
서울월드컵경기장,마포구 난지도길 66(성산동 515),121-849 ,http://www.sisul.or.kr/home_worldcupst/index.jsp,02-2128-2973,경기장 남 북측 스탠드 상단 2개소에는 너비 25m 높이 9.2m의 디지털 영상제어 방식의 대형전광판이 설치되어 있어 선수들의 생생한 경기 모습을 좀더 실감나게볼 수 있습니다 또한 슈팅볼의 속도 경기장 내의 기상 상태 온도 습도 풍향 풍속을 측정 표출함으로써 선수와 관중들은 그라운드의 상태까지 쉽게 알 수 있으며 청각 장애인을 위해 관중들의 함성소리를 이퀄라이저 형태로 표출하는 기능도 가지고 있습니다 고화질 TV 방영에 대비한 16:9 비율의 화면 구성이며 고휘도 광각형 LED 소자를 사용하여 선명한 화면을 감상 할 수 있습니다.
성북구민회관,성북구 성북로4길 177,136-060,http://www.gongdan.go.kr/gongdan/gus_sports/intro/intro.jsp,02-929-0883,"연극 영화 등 다양한 공연행사가 가능한 767석 규모의 대강당 맑은 공기 조용한 분 위기로 구민을 향해 활짝 열려 있는 구민회관 독서실. 넓고 쾌적한 실내공간에 최고의 운동효과를 나타낼 수 있는 다이나믹 헬스클럽 성북 구민들의 문화욕구를 해소할 수 있는 문화쉼터가 바로 성북구민회관입니다."
성북종합레포츠타운,성북구 한천로58길 307,136-817,http://www.gongdan.go.kr/gongdan/sb_reports/intro/intro.jsp,02-6917-1100,성북종합레포츠타운은 요즘의 사회적 분위기에 부응하여 휴식과 운동을 동시에 즐길 수 있는 최적의 쾌적성을 부여함을 목표로 국내 최고 수준의 종합 스포츠 전문 시설을 갖추게 되었습니다. 
반포종합운동장체육센터,서초구 반포동 15-2 ,137-800,http://www.seocho.go.kr/site/sd/page.jsp?code=sdc040020090,02-2155-6750~56,지상2층 1357m2 규모의 체육센터는 이용 주민들에게 최상의 서비스를 제공하기 위한 관리사무실과 자원봉사자 체육단체 사무실은 물론 16타석 규모의 실내골프연습장 국제규격 탁구대 10대 규모의 탁구장 라커․샤워장 등을 갖추고 있다.
금호공원체육관,성동구 장터1길 18,133-093,https://www.sdmc.go.kr/sports/ghscenter/intro.asp,02-2204-7690,유아 어린이 성인 누구나 편안하게 이용 할 수 있는 가족같은 분위기의 웰빙 스포츠센터로 행복한 구민을 꿈꾸는 스포츠 문화활동 공간입니다.
마장국민체육센터,성동구 마조로11길 6,133-050,https://www.sdmc.go.kr/sports/mjcenter/intro.asp,02-2204-7630,유아 어린이 성인 누구나 편안하게 이용 할 수 있는 가족같은 분위기의 웰빙 스포츠센터로 행복한 구민을 꿈꾸는 스포츠 문화활동 공간입니다.
서대문구립다목적구장,서대문구 홍은동 26-170,120-851,http://www.sscmc.or.kr/culture1/grass/use_sisul1.asp?Umenu=U01,02-360-8685,서대문구립다목적구장은 족구 풋살 등을 즐길 수 있는 생활 체육 여가 시설입니다. 풋살 1면 족구장 2면으로 설치되어 있으며 서대문 구민이면 누구나 이용할 수 있는 스포츠 공간입니다.
송파구체육문화회관,송파구 양산로 30(거여동 289),138-110,http://www.esongpa.or.kr/index.asp,02-402-3291~2,"우리 회관은 농구 실내 축구 등을 비롯한 다양한 스포츠 강좌를 할 수 있는 대체육관을 비롯하여 자연채광 과 가장 맑은 물을 자랑하는 수영장 다이나믹한 스쿼시장 실내골프연습장 등 넓고 쾌적한 실내공간과 다 양한 문화강좌를 열 수 있는 문화관 최신 음향과 조명을 갖춘 시청각실 유아예체능 교육장 등의 시설에서 스포츠 문화의 다양한 강좌를 마련하고 있습니다."
올림픽공원스포츠센터,송파구 올림픽로 424,138-50,http://www.ksponco.or.kr/index_olparkSports.jsp,02-410-1665~6,올림픽공원 체조경기장 내에 위치한 저희 스포츠센터는 개관이래 회원님들의 건강한 취미 생활을 위해 골프 헬스 탁구 배드민턴 등 총 18개 종목에서 전문지도 교사에 의한 체계적인 강습이 이루어지고 있습니다. 특히 각 교육장에 메탈 조명을 설치하여 날씨나 시간에 상관없이 밝은 분위기에서 이용할 수 있으며. 샤워장에는 사우나 시설을 구비하여 고객님의 편의를 최대한 제공해 드리고 있습니다.
신월문화체육센터,양천구 지양길 47(신월7동 987),158-097,http://www.ycs.or.kr/rent/swec_introduction02.php,02-2605-4093~5,양천구민을 위한 복지시설로 양천구 시설관리공단에서 운영한다. 구민의 건강 증진과 삶의 질 향상을 위한 다양한 프로그램과 쾌적하고 편리한 공간을 제공한다.
양천주민편익시설,양천구 안양천로 1121,158-872,http://www.ycymca.or.kr/one_html/index.php?menu_id=59,02-2652-8083 ,지역사회의 균형있는 발전과 YMCA 프로그램의 참여기회를 확대하고자 1999년 9월1일 양천자원회수시설 인근 주민들의 복지증진과 건전한 여가선용의 지원을 위해 설립된 서울특별시립 양천주민편익시설(서울YMCA 양천지회)을 위탁 운영하고 있으며 개관이래 지난 10년간 다양한 대상별 기대와 요구에 충실하며 통합과 소통과 나눔의 공간으로 스포츠·문화복지·학습의 장으로 활발한 활동을 전개하고 있습니다. 
용산문화체육센터,용산구 백범로 350,140-100,http://www.yongsangu-sc.or.kr/main/,02-707-2492~4,우리 용산구 문화체육센터는 일상생활에서 자율성과 참여를 바탕으로 지역주민의 권리를 옹호하며 지역문화의 질을 향상시키기 위한 지도 상담 등 여가활동을 위한 새로운 프로그램을 개발진행하여 건강한 신체활동과 레저문화의 장을 제공함으로써 용산구 전체의 복지증진과 구민건강을 위한 용산구 문화체육센터로서의 기능을 수행하고자 합니다.
창동중학교,도봉구 방학로 32-28,132-021,http://www.changdong.ms.kr/,02-2289-6600,소통의 장을 통해 학교의 교육활동이 어떻게 이루어지고 있는지 그리고 어디로 나아가고 있는지 상세하게 밝힐 것이며 학부모와 학생의 생생한 목소리를 교육현장에 반영할 것입니다.
관악노인종합복지관,관악구 보라매로 35 (관악노인종합복지관),151-830,http://noinjigi.org/new/htmls/,02-888-6144,밝고 건강한 풍요로운 노후라는 관훈 아래 한국 최초 노인종합복지관으로 설립되어 어르신이 인간다운 생활을 영위하고 가족과 사회에 적응하고 통합될 수 있도록 어르신 욕구에 맞는 서비스 제공 및 지역사회 노인복지 활성화를 위해 연구하는 노인전문기관입니다.
금천노인종합복지관,금천구 시흥대로 51길 93-32(시흥1동 558-1),153-030,http://www.hello-senior.or.kr/,02-804-4058,고령사회에 대비하여 지역특성에 맞는 전문프로그램 개발을 통해 노인의 여가활동지원과 각종 노인문제의 예방 치료 및 집단 활동을 실시함으로써 사회적응력을 향상시키고 신체적·정신적 건강증진을 도모하여 안정된 노후를 보낼 수 있도록 하며 생산적 노인복지의 패러다임을 통해 노인복지 선진화를 주도한다.
성가정노인종합복지관,강동구 양재대로156길 28,134-878,http://www.skjsenior.org/,02-481-2217,사회복지 이념을 바탕으로 지역사회 어르신들에게 다양하고 전문적이며 통합적인 복지서비스를 제공하여 어르신들이 신체적 정신적 사회적 영적 건강을 유지하고 인간적 품위를 견지하며 희망과 기쁨이 있는 보람된 노후를 보낼 수 있도록 도와 드리고자 한다.
광진노인종합복지관,광진구 군자로 88,143-840,http://www.gjsenior.or.kr/,02-466-6242,서울시립 광진노인종합복지관은 지역사회 어르신 및 가족들에게 적절한 서비스를 제공하여 보람되고 활기찬 생활을 영위할 수 있도록 돕고 저소득 어르신들의 자립.자활을 위한 각종 사회복지 서비스를 제공하여 안정된 노후생활 향상에 기여하며 더불어 사는 지역사회분위기 형성을 목적으로 하는 노인복지전문기관입니다.
강서노인종합복지관,강서구 등삼동길 82(등촌3동 661-4),157-930,http://www.gangseosenior.or.kr/,02-3664-0322,우리 복지관은 신체 노화 역할 상실 가족관계의 변화 등의 상황 속에서 노인과 그 가족들이 갖게 되는 다양한 욕구 및 문제를 예방·치료하여 지역노인들에게 가장 적절한 서비스와 관련 정보를 제공하여 노인의 문제해결 기술 및 능력을 향상시켜 건강하고 풍요로운 노후 생활을 영위할 수 있도록 돕기 위해 설립된 전문 노인복지기관입니다.